Names of Unit,Dacoity,Robbery,Murder,Speedy Trial,Riot,Woman & Child Repression,Kidnapping,Police Assault,Burglary,Theft,Other Cases,RC Arms Act,RC Explosive Act,RC Narcotics,RC Smuggling,Date
DMP,2.0,19.0,21,5,2.0,172.0,4,3,65,138.0,469.0,13.0,3,1323.0,8.0,Jan-20
CMP,0.0,5.0,5,5,0.0,61.0,3,1,12,26.0,90.0,46.0,1,435.0,4.0,Jan-20
KMP,0.0,0.0,1,0,0.0,8.0,0,0,5,2.0,31.0,1.0,1,129.0,1.0,Jan-20
RMP,0.0,1.0,1,0,0.0,17.0,0,0,0,11.0,43.0,0.0,0,289.0,26.0,Jan-20
BMP,0.0,1.0,2,2,0.0,13.0,0,0,7,16.0,37.0,1.0,0,106.0,0.0,Jan-20
SMP,2.0,1.0,1,5,0.0,22.0,0,1,4,3.0,53.0,0.0,0,55.0,4.0,Jan-20
RPMP,0.0,0.0,2,0,0.0,22.0,0,0,0,8.0,38.0,1.0,0,63.0,0.0,Jan-20
GMP,0.0,4.0,4,0,0.0,33.0,1,0,0,11.0,91.0,2.0,0,192.0,0.0,Jan-20
Dhaka Range,16.0,18.0,41,10,0.0,253.0,5,5,39,95.0,760.0,13.0,1,1183.0,8.0,Jan-20
Mymensingh Range,0.0,1.0,9,7,0.0,138.0,2,6,4,40.0,409.0,5.0,0,795.0,6.0,Jan-20
Chittagong Range,9.0,12.0,65,11,0.0,190.0,3,6,42,91.0,821.0,50.0,4,1162.0,7.0,Jan-20
Sylhet Range,2.0,2.0,20,1,0.0,65.0,4,2,5,45.0,348.0,2.0,0,195.0,17.0,Jan-20
Khulna Range,5.0,5.0,26,1,0.0,140.0,6,3,21,58.0,513.0,11.0,2,779.0,24.0,Jan-20
Barishal Range,1.0,3.0,12,0,0.0,105.0,5,0,11,21.0,377.0,6.0,0,299.0,2.0,Jan-20
Rajshahi Range,1.0,8.0,32,4,0.0,219.0,4,1,9,52.0,534.0,16.0,2,1549.0,136.0,Jan-20
Rangpur Range,1.0,2.0,29,2,0.0,163.0,2,3,14,55.0,619.0,5.0,0,563.0,107.0,Jan-20
Ralway Range,0.0,1.0,2,0,0.0,3.0,0,0,0,9.0,11.0,0.0,0,36.0,10.0,Jan-20
DMP,1.0,15.0,21,10,1.0,194.0,1,4,74,113.0,467.0,12.0,1,1205.0,12.0,Feb-20
CMP,0.0,5.0,2,7,0.0,64.0,0,2,13,13.0,112.0,31.0,3,396.0,3.0,Feb-20
KMP,0.0,2.0,1,0,0.0,8.0,2,0,1,6.0,26.0,0.0,0,129.0,0.0,Feb-20
RMP,0.0,5.0,1,0,0.0,16.0,2,0,1,7.0,55.0,1.0,0,268.0,13.0,Feb-20
BMP,0.0,2.0,1,2,0.0,12.0,0,0,10,10.0,44.0,0.0,0,93.0,0.0,Feb-20
SMP,0.0,2.0,1,10,0.0,22.0,1,1,1,5.0,59.0,1.0,0,54.0,1.0,Feb-20
RPMP,0.0,1.0,2,1,0.0,15.0,0,1,0,6.0,40.0,0.0,0,72.0,0.0,Feb-20
GMP,0.0,2.0,3,1,0.0,48.0,3,1,2,14.0,90.0,6.0,0,165.0,1.0,Feb-20
Dhaka Range,4.0,14.0,54,8,0.0,263.0,11,4,24,74.0,806.0,15.0,1,1186.0,8.0,Feb-20
Mymensingh Range,1.0,1.0,16,5,0.0,129.0,1,4,7,35.0,434.0,3.0,0,508.0,7.0,Feb-20
Chittagong Range,10.0,16.0,48,7,0.0,239.0,10,5,35,89.0,828.0,48.0,2,1077.0,14.0,Feb-20
Sylhet Range,3.0,3.0,19,0,0.0,67.0,1,2,4,30.0,306.0,6.0,0,220.0,26.0,Feb-20
Khulna Range,3.0,6.0,17,2,0.0,168.0,2,4,19,49.0,520.0,26.0,2,766.0,27.0,Feb-20
Barishal Range,1.0,4.0,12,0,0.0,106.0,2,1,9,26.0,374.0,1.0,0,299.0,2.0,Feb-20
Rajshahi Range,3.0,7.0,36,2,0.0,204.0,1,4,7,43.0,552.0,20.0,3,1542.0,124.0,Feb-20
Rangpur Range,0.0,1.0,21,1,0.0,185.0,3,1,10,45.0,676.0,4.0,0,524.0,71.0,Feb-20
Ralway Range,0.0,1.0,2,0,0.0,0.0,1,0,1,6.0,11.0,0.0,0,27.0,15.0,Feb-20
DMP,3.0,13.0,17,13,0.0,187.0,7,6,49,110.0,502.0,15.0,0,1129.0,8.0,Mar-20
CMP,0.0,6.0,3,7,0.0,64.0,1,1,9,13.0,152.0,32.0,0,344.0,3.0,Mar-20
KMP,0.0,0.0,3,1,0.0,7.0,0,0,1,2.0,18.0,0.0,0,102.0,0.0,Mar-20
RMP,0.0,2.0,1,0,2.0,19.0,1,0,5,8.0,53.0,1.0,0,243.0,29.0,Mar-20
BMP,0.0,0.0,1,3,0.0,10.0,0,1,8,5.0,39.0,0.0,0,102.0,0.0,Mar-20
SMP,0.0,0.0,4,4,0.0,26.0,0,0,2,7.0,75.0,0.0,0,42.0,1.0,Mar-20
RPMP,0.0,0.0,2,1,0.0,24.0,0,0,0,11.0,42.0,0.0,0,87.0,0.0,Mar-20
GMP,3.0,3.0,5,1,0.0,42.0,4,3,3,13.0,107.0,2.0,0,125.0,0.0,Mar-20
Dhaka Range,3.0,18.0,49,9,0.0,265.0,10,4,25,80.0,911.0,5.0,1,1009.0,1.0,Mar-20
Mymensingh Range,1.0,2.0,21,3,0.0,122.0,0,4,4,31.0,457.0,4.0,0,436.0,10.0,Mar-20
Chittagong Range,8.0,9.0,62,11,0.0,230.0,5,11,32,65.0,953.0,53.0,0,976.0,14.0,Mar-20
Sylhet Range,2.0,3.0,26,1,0.0,88.0,3,5,10,35.0,338.0,6.0,0,167.0,17.0,Mar-20
Khulna Range,4.0,12.0,32,3,0.0,195.0,4,1,17,57.0,651.0,23.0,1,616.0,23.0,Mar-20
Barishal Range,1.0,4.0,7,5,0.0,110.0,2,1,13,21.0,476.0,0.0,0,327.0,1.0,Mar-20
Rajshahi Range,0.0,3.0,21,9,0.0,220.0,1,5,7,34.0,566.0,18.0,1,1441.0,94.0,Mar-20
Rangpur Range,1.0,1.0,22,1,0.0,194.0,1,1,9,62.0,644.0,2.0,0,457.0,65.0,Mar-20
Ralway Range,0.0,2.0,3,0,0.0,0.0,0,0,1,6.0,11.0,0.0,0,20.0,5.0,Mar-20
DMP,1.0,5.0,8,6,0.0,47.0,0,1,21,22.0,118.0,2.0,0,120.0,0.0,Apr-20
CMP,0.0,4.0,9,3,0.0,16.0,0,1,4,10.0,51.0,16.0,0,51.0,1.0,Apr-20
KMP,0.0,1.0,0,0,0.0,1.0,0,1,1,1.0,9.0,0.0,0,7.0,0.0,Apr-20
RMP,0.0,1.0,1,0,0.0,11.0,0,1,3,3.0,44.0,0.0,0,51.0,5.0,Apr-20
BMP,0.0,0.0,3,1,0.0,4.0,0,0,1,3.0,37.0,0.0,0,26.0,0.0,Apr-20
SMP,0.0,0.0,1,2,0.0,11.0,0,1,4,6.0,49.0,0.0,0,10.0,0.0,Apr-20
RPMP,0.0,1.0,1,0,0.0,6.0,0,0,0,3.0,35.0,0.0,0,10.0,0.0,Apr-20
GMP,0.0,1.0,3,1,0.0,11.0,0,0,2,7.0,68.0,1.0,0,22.0,1.0,Apr-20
Dhaka Range,5.0,7.0,51,4,0.0,128.0,2,11,11,40.0,786.0,8.0,2,190.0,3.0,Apr-20
Mymensingh Range,0.0,1.0,25,1,0.0,58.0,2,4,1,27.0,666.0,1.0,0,38.0,2.0,Apr-20
Chittagong Range,2.0,5.0,55,7,0.0,108.0,1,9,17,37.0,936.0,24.0,1,321.0,0.0,Apr-20
Sylhet Range,2.0,0.0,13,0,0.0,38.0,0,4,2,31.0,336.0,1.0,0,56.0,2.0,Apr-20
Khulna Range,0.0,2.0,29,3,0.0,127.0,1,3,9,41.0,633.0,10.0,0,242.0,7.0,Apr-20
Barishal Range,0.0,0.0,16,4,0.0,95.0,1,3,11,8.0,537.0,0.0,2,68.0,0.0,Apr-20
Rajshahi Range,0.0,3.0,31,2,0.0,160.0,2,4,1,23.0,560.0,14.0,4,276.0,34.0,Apr-20
Rangpur Range,0.0,1.0,27,3,0.0,104.0,1,2,5,29.0,706.0,0.0,0,151.0,28.0,Apr-20
Ralway Range,0.0,0.0,0,0,0.0,0.0,0,0,0,2.0,1.0,0.0,0,0.0,0.0,Apr-20
DMP,2.0,8.0,13,6,0.0,68.0,1,3,31,43.0,172.0,8.0,0,161.0,2.0,May-20
CMP,0.0,3.0,6,3,0.0,23.0,0,0,11,20.0,102.0,12.0,0,51.0,2.0,May-20
KMP,0.0,0.0,0,0,0.0,12.0,1,0,0,2.0,21.0,0.0,0,5.0,0.0,May-20
RMP,0.0,1.0,2,0,0.0,17.0,0,0,4,2.0,51.0,2.0,0,60.0,7.0,May-20
BMP,0.0,0.0,2,2,0.0,4.0,0,0,2,5.0,34.0,1.0,0,8.0,0.0,May-20
SMP,0.0,0.0,2,3,0.0,16.0,0,1,2,6.0,86.0,1.0,0,27.0,2.0,May-20
RPMP,0.0,1.0,5,0,0.0,8.0,0,0,0,5.0,42.0,0.0,0,15.0,0.0,May-20
GMP,1.0,5.0,8,2,0.0,11.0,2,1,2,9.0,65.0,3.0,0,34.0,0.0,May-20
Dhaka Range,5.0,12.0,54,4,0.0,158.0,6,16,27,66.0,1030.0,4.0,3,331.0,0.0,May-20
Mymensingh Range,0.0,0.0,26,3,0.0,104.0,3,0,4,28.0,735.0,2.0,0,108.0,3.0,May-20
Chittagong Range,2.0,10.0,97,9,0.0,143.0,4,12,21,58.0,1172.0,51.0,1,613.0,2.0,May-20
Sylhet Range,0.0,1.0,28,1,0.0,51.0,1,3,3,31.0,452.0,1.0,0,84.0,10.0,May-20
Khulna Range,1.0,2.0,36,2,0.0,131.0,0,2,8,45.0,672.0,9.0,1,294.0,5.0,May-20
Barishal Range,0.0,2.0,12,1,0.0,106.0,1,2,9,10.0,514.0,2.0,0,117.0,2.0,May-20
Rajshahi Range,0.0,9.0,32,7,0.0,163.0,0,6,3,29.0,615.0,15.0,1,328.0,38.0,May-20
Rangpur Range,0.0,5.0,38,1,0.0,152.0,0,4,9,37.0,819.0,1.0,0,224.0,30.0,May-20
Ralway Range,0.0,0.0,0,0,0.0,1.0,0,0,0,1.0,3.0,0.0,0,1.0,1.0,May-20
DMP,2.0,13.0,19,7,0.0,185.0,3,5,45,92.0,328.0,11.0,0,465.0,2.0,Jun-20
CMP,1.0,5.0,8,10,0.0,33.0,0,2,3,7.0,104.0,23.0,0,133.0,1.0,Jun-20
KMP,0.0,2.0,3,0,0.0,5.0,0,0,0,4.0,8.0,0.0,0,51.0,0.0,Jun-20
RMP,0.0,4.0,0,2,0.0,15.0,0,0,1,6.0,40.0,0.0,0,54.0,6.0,Jun-20
BMP,0.0,3.0,2,0,0.0,12.0,0,0,4,10.0,28.0,0.0,0,18.0,0.0,Jun-20
SMP,0.0,0.0,6,5,0.0,20.0,0,1,0,8.0,45.0,1.0,0,25.0,2.0,Jun-20
RPMP,0.0,0.0,3,2,0.0,21.0,1,0,1,6.0,47.0,0.0,0,24.0,0.0,Jun-20
GMP,3.0,1.0,7,6,0.0,38.0,2,1,3,11.0,68.0,3.0,0,45.0,0.0,Jun-20
Dhaka Range,13.0,13.0,64,18,0.0,269.0,16,10,31,73.0,958.0,14.0,4,646.0,5.0,Jun-20
Mymensingh Range,0.0,9.0,12,8,0.0,136.0,0,2,7,35.0,543.0,2.0,0,236.0,3.0,Jun-20
Chittagong Range,4.0,7.0,54,9,0.0,215.0,7,3,35,62.0,918.0,44.0,1,636.0,9.0,Jun-20
Sylhet Range,0.0,1.0,19,0,0.0,66.0,2,3,5,31.0,325.0,1.0,0,142.0,14.0,Jun-20
Khulna Range,4.0,9.0,32,5,0.0,188.0,2,5,19,63.0,662.0,16.0,2,436.0,15.0,Jun-20
Barishal Range,0.0,3.0,12,0,0.0,108.0,1,0,16,10.0,359.0,3.0,0,223.0,0.0,Jun-20
Rajshahi Range,0.0,4.0,33,7,0.0,230.0,3,0,5,41.0,556.0,18.0,2,650.0,74.0,Jun-20
Rangpur Range,0.0,5.0,28,7,0.0,197.0,1,1,9,45.0,756.0,0.0,0,355.0,23.0,Jun-20
Ralway Range,0.0,0.0,1,0,0.0,1.0,0,0,0,2.0,7.0,0.0,0,6.0,1.0,Jun-20
DMP,1.0,22.0,27,10,0.0,216.0,2,6,55,122.0,509.0,16.0,2,1418.0,3.0,Jul-20
CMP,0.0,8.0,8,8,0.0,69.0,0,2,9,25.0,155.0,59.0,2,303.0,4.0,Jul-20
KMP,0.0,2.0,4,0,0.0,13.0,0,0,1,6.0,27.0,2.0,0,188.0,1.0,Jul-20
RMP,0.0,4.0,3,0,0.0,23.0,0,0,1,15.0,41.0,1.0,0,59.0,7.0,Jul-20
BMP,0.0,1.0,0,1,0.0,18.0,0,0,6,14.0,39.0,1.0,0,31.0,1.0,Jul-20
SMP,0.0,1.0,5,7,1.0,21.0,0,0,3,12.0,55.0,1.0,0,52.0,4.0,Jul-20
RPMP,0.0,0.0,2,2,0.0,24.0,5,0,0,11.0,57.0,0.0,0,33.0,0.0,Jul-20
GMP,2.0,1.0,5,2,0.0,38.0,2,1,3,8.0,83.0,4.0,0,136.0,0.0,Jul-20
Dhaka Range,7.0,18.0,70,15,0.0,268.0,13,12,31,104.0,928.0,10.0,2,1015.0,10.0,Jul-20
Mymensingh Range,1.0,4.0,13,8,0.0,143.0,1,1,6,56.0,451.0,3.0,0,452.0,7.0,Jul-20
Chittagong Range,6.0,12.0,90,11,0.0,241.0,9,7,39,96.0,868.0,88.0,0,1303.0,11.0,Jul-20
Sylhet Range,1.0,0.0,23,2,0.0,75.0,0,1,5,50.0,307.0,5.0,0,329.0,32.0,Jul-20
Khulna Range,2.0,10.0,29,4,0.0,215.0,3,3,24,92.0,597.0,16.0,0,716.0,32.0,Jul-20
Barishal Range,2.0,3.0,12,0,0.0,111.0,0,1,13,17.0,354.0,9.0,0,290.0,0.0,Jul-20
Rajshahi Range,0.0,3.0,40,8,0.0,220.0,0,5,5,63.0,503.0,23.0,7,1240.0,87.0,Jul-20
Rangpur Range,1.0,2.0,26,3,0.0,217.0,3,0,15,83.0,734.0,1.0,0,499.0,37.0,Jul-20
Ralway Range,0.0,0.0,1,0,0.0,0.0,0,0,0,5.0,9.0,0.0,0,13.0,3.0,Jul-20
DMP,1.0,13.0,20,10,0.0,222.0,4,2,65,89.0,443.0,8.0,1,978.0,5.0,Aug-20
CMP,0.0,4.0,3,10,0.0,105.0,0,1,13,13.0,121.0,20.0,0,149.0,2.0,Aug-20
KMP,0.0,1.0,4,1,0.0,9.0,1,1,4,9.0,29.0,2.0,0,119.0,0.0,Aug-20
RMP,0.0,5.0,1,0,0.0,27.0,1,0,9,10.0,58.0,0.0,0,157.0,14.0,Aug-20
BMP,0.0,1.0,0,3,0.0,16.0,0,0,6,12.0,38.0,3.0,0,43.0,0.0,Aug-20
SMP,1.0,3.0,2,6,0.0,17.0,0,1,3,9.0,61.0,2.0,0,48.0,4.0,Aug-20
RPMP,0.0,1.0,0,3,0.0,26.0,6,0,0,15.0,68.0,0.0,0,37.0,0.0,Aug-20
GMP,1.0,1.0,6,3,0.0,57.0,5,0,5,16.0,89.0,2.0,0,118.0,0.0,Aug-20
Dhaka Range,12.0,17.0,76,11,1.0,318.0,11,4,32,59.0,1036.0,15.0,4,712.0,12.0,Aug-20
Mymensingh Range,0.0,2.0,21,10,0.0,195.0,1,0,11,28.0,590.0,2.0,0,264.0,7.0,Aug-20
Chittagong Range,6.0,10.0,58,10,0.0,233.0,9,5,53,85.0,1015.0,14.0,1,748.0,13.0,Aug-20
Sylhet Range,2.0,3.0,22,2,0.0,88.0,0,3,7,42.0,410.0,3.0,0,210.0,32.0,Aug-20
Khulna Range,3.0,8.0,29,2,0.0,212.0,5,2,15,63.0,613.0,4.0,1,517.0,28.0,Aug-20
Barishal Range,1.0,3.0,13,9,0.0,141.0,1,2,13,21.0,429.0,3.0,0,210.0,0.0,Aug-20
Rajshahi Range,1.0,9.0,33,7,0.0,342.0,3,3,9,44.0,584.0,12.0,4,938.0,94.0,Aug-20
Rangpur Range,0.0,3.0,33,4,0.0,304.0,2,0,13,68.0,901.0,0.0,0,314.0,33.0,Aug-20
Ralway Range,0.0,0.0,1,0,0.0,1.0,0,0,0,1.0,4.0,0.0,0,13.0,2.0,Aug-20
DMP,2.0,26.0,22,9,0.0,214.0,8,4,60,126.0,559.0,11.0,2,1438.0,6.0,Sep-20
CMP,0.0,10.0,5,9,0.0,73.0,0,3,16,25.0,168.0,39.0,1,220.0,2.0,Sep-20
KMP,0.0,3.0,0,2,0.0,6.0,2,0,1,13.0,30.0,0.0,0,155.0,1.0,Sep-20
RMP,0.0,2.0,2,1,0.0,24.0,1,0,5,5.0,51.0,2.0,0,271.0,15.0,Sep-20
BMP,0.0,0.0,4,1,0.0,14.0,1,0,3,10.0,44.0,1.0,0,49.0,0.0,Sep-20
SMP,0.0,0.0,1,4,0.0,28.0,2,1,5,12.0,58.0,1.0,0,42.0,10.0,Sep-20
RPMP,0.0,1.0,2,1,0.0,15.0,0,0,3,9.0,44.0,1.0,0,54.0,0.0,Sep-20
GMP,1.0,3.0,5,3,0.0,58.0,4,0,7,15.0,73.0,1.0,1,93.0,3.0,Sep-20
Dhaka Range,13.0,17.0,65,14,0.0,370.0,14,4,33,112.0,968.0,17.0,2,747.0,2.0,Sep-20
Mymensingh Range,2.0,3.0,18,15,0.0,202.0,1,0,6,41.0,457.0,3.0,0,220.0,5.0,Sep-20
Chittagong Range,6.0,18.0,54,8,0.0,260.0,5,3,55,105.0,914.0,16.0,2,765.0,8.0,Sep-20
Sylhet Range,1.0,1.0,10,0,0.0,107.0,3,1,6,39.0,386.0,1.0,0,193.0,24.0,Sep-20
Khulna Range,1.0,7.0,25,1,0.0,187.0,2,1,24,88.0,626.0,17.0,5,535.0,26.0,Sep-20
Barishal Range,2.0,6.0,11,7,0.0,145.0,3,1,15,22.0,382.0,4.0,0,224.0,0.0,Sep-20
Rajshahi Range,0.0,6.0,29,8,0.0,348.0,2,4,12,58.0,577.0,11.0,3,969.0,101.0,Sep-20
Rangpur Range,0.0,1.0,25,1,0.0,287.0,5,1,13,67.0,651.0,3.0,0,361.0,28.0,Sep-20
Ralway Range,0.0,1.0,1,0,0.0,1.0,1,0,0,5.0,5.0,0.0,0,18.0,0.0,Sep-20
DMP,0.0,18.0,22,12,0.0,297.0,3,12,61,125.0,544.0,15.0,4,1429.0,4.0,Oct-20
CMP,0.0,19.0,12,19,0.0,115.0,4,1,12,21.0,155.0,46.0,1,293.0,3.0,Oct-20
KMP,0.0,1.0,0,1,0.0,18.0,0,1,2,12.0,29.0,0.0,0,97.0,0.0,Oct-20
RMP,0.0,1.0,0,0,0.0,32.0,3,0,4,5.0,47.0,2.0,0,301.0,40.0,Oct-20
BMP,0.0,2.0,1,2,0.0,21.0,0,0,6,8.0,48.0,0.0,0,70.0,0.0,Oct-20
SMP,0.0,0.0,1,3,0.0,29.0,1,1,3,13.0,73.0,1.0,0,36.0,13.0,Oct-20
RPMP,0.0,0.0,1,1,0.0,30.0,0,0,0,14.0,53.0,0.0,0,74.0,0.0,Oct-20
GMP,1.0,5.0,7,2,0.0,55.0,1,0,1,8.0,75.0,2.0,0,72.0,1.0,Oct-20
Dhaka Range,12.0,23.0,63,17,0.0,470.0,13,10,45,107.0,991.0,16.0,2,683.0,6.0,Oct-20
Mymensingh Range,0.0,4.0,21,6,0.0,265.0,3,4,10,53.0,454.0,1.0,0,270.0,14.0,Oct-20
Chittagong Range,13.0,20.0,59,7,0.0,481.0,17,10,47,110.0,1035.0,38.0,3,810.0,15.0,Oct-20
Sylhet Range,0.0,3.0,21,2,0.0,127.0,1,3,7,52.0,350.0,1.0,0,169.0,42.0,Oct-20
Khulna Range,0.0,8.0,31,6,0.0,242.0,1,1,24,79.0,675.0,13.0,0,527.0,28.0,Oct-20
Barishal Range,2.0,2.0,10,17,0.0,178.0,3,4,14,18.0,395.0,2.0,1,225.0,1.0,Oct-20
Rajshahi Range,3.0,8.0,36,5,0.0,324.0,3,2,13,46.0,574.0,17.0,2,1068.0,114.0,Oct-20
Rangpur Range,0.0,4.0,17,3,0.0,297.0,1,3,13,66.0,691.0,0.0,0,345.0,25.0,Oct-20
Ralway Range,1.0,2.0,2,0,0.0,1.0,1,0,0,8.0,8.0,1.0,0,16.0,2.0,Oct-20
DMP,2.0,10.0,18,9,0.0,225.0,4,7,72,123.0,535.0,6.0,8,1450.0,11.0,Nov-20
CMP,1.0,7.0,8,16,0.0,96.0,3,2,13,23.0,154.0,49.0,0,256.0,5.0,Nov-20
KMP,0.0,1.0,1,0,0.0,15.0,0,1,2,7.0,37.0,0.0,0,148.0,0.0,Nov-20
RMP,0.0,1.0,4,1,0.0,26.0,1,0,3,7.0,56.0,0.0,0,377.0,33.0,Nov-20
BMP,0.0,2.0,2,2,0.0,19.0,0,0,5,12.0,33.0,0.0,0,70.0,0.0,Nov-20
SMP,0.0,0.0,4,9,0.0,37.0,0,1,3,11.0,101.0,3.0,1,61.0,10.0,Nov-20
RPMP,0.0,0.0,2,1,0.0,18.0,0,1,4,8.0,48.0,0.0,0,54.0,0.0,Nov-20
GMP,1.0,2.0,3,1,0.0,41.0,6,0,4,8.0,93.0,0.0,0,76.0,0.0,Nov-20
Dhaka Range,13.0,19.0,63,16,0.0,358.0,12,9,34,100.0,1140.0,16.0,2,827.0,5.0,Nov-20
Mymensingh Range,0.0,0.0,16,9,0.0,183.0,1,3,7,43.0,507.0,1.0,0,283.0,11.0,Nov-20
Chittagong Range,10.0,13.0,47,4,4.0,297.0,12,1,30,112.0,976.0,28.0,3,815.0,12.0,Nov-20
Sylhet Range,0.0,6.0,18,4,0.0,84.0,0,4,8,34.0,365.0,4.0,1,167.0,19.0,Nov-20
Khulna Range,1.0,6.0,24,8,0.0,193.0,3,1,17,75.0,601.0,15.0,1,542.0,25.0,Nov-20
Barishal Range,1.0,1.0,13,1,0.0,135.0,1,1,13,22.0,419.0,0.0,0,261.0,0.0,Nov-20
Rajshahi Range,0.0,7.0,27,3,0.0,235.0,3,6,8,39.0,585.0,11.0,3,971.0,76.0,Nov-20
Rangpur Range,0.0,2.0,21,2,0.0,239.0,1,3,16,46.0,717.0,0.0,0,395.0,17.0,Nov-20
Ralway Range,0.0,2.0,0,0,0.0,1.0,0,0,0,5.0,16.0,1.0,0,34.0,0.0,Nov-20
DMP,4.0,14.0,11,8,0.0,171.0,7,1,60,114.0,486.0,7.0,10,1503.0,11.0,Dec-20
CMP,0.0,5.0,8,10,0.0,78.0,2,2,8,20.0,137.0,37.0,1,268.0,5.0,Dec-20
KMP,0.0,2.0,0,0,0.0,10.0,1,0,3,6.0,33.0,0.0,0,75.0,1.0,Dec-20
RMP,0.0,2.0,0,1,0.0,14.0,2,2,2,3.0,45.0,2.0,0,311.0,18.0,Dec-20
BMP,0.0,1.0,2,1,0.0,18.0,0,0,9,10.0,28.0,2.0,0,64.0,0.0,Dec-20
SMP,1.0,0.0,3,4,0.0,20.0,0,2,2,18.0,104.0,3.0,1,87.0,4.0,Dec-20
RPMP,0.0,0.0,1,0,0.0,20.0,0,0,3,8.0,42.0,1.0,0,58.0,0.0,Dec-20
GMP,1.0,1.0,10,1,0.0,24.0,13,2,8,7.0,65.0,1.0,0,110.0,1.0,Dec-20
Dhaka Range,6.0,22.0,54,19,0.0,278.0,11,8,51,91.0,938.0,5.0,2,683.0,7.0,Dec-20
Mymensingh Range,0.0,1.0,17,6,0.0,186.0,1,1,10,42.0,457.0,6.0,0,293.0,5.0,Dec-20
Chittagong Range,7.0,12.0,38,14,2.0,251.0,11,6,40,110.0,936.0,20.0,3,884.0,12.0,Dec-20
Sylhet Range,1.0,4.0,14,3,0.0,70.0,1,3,5,37.0,359.0,6.0,1,186.0,20.0,Dec-20
Khulna Range,1.0,8.0,24,4,0.0,137.0,5,0,15,63.0,571.0,8.0,2,526.0,20.0,Dec-20
Barishal Range,0.0,2.0,13,1,0.0,92.0,0,2,6,20.0,387.0,2.0,1,229.0,0.0,Dec-20
Rajshahi Range,1.0,4.0,38,3,0.0,196.0,2,5,4,43.0,491.0,10.0,0,766.0,89.0,Dec-20
Rangpur Range,1.0,3.0,24,3,0.0,204.0,1,0,4,57.0,683.0,2.0,0,448.0,28.0,Dec-20
Ralway Range,0.0,0.0,2,0,0.0,1.0,0,1,0,8.0,7.0,0.0,0,18.0,1.0,Dec-20
DMP,3.0,15.0,18,12,0.0,185.0,7,7,68,128.0,504.0,5.0,4,1532.0,17.0,Jan-21
CMP,0.0,3.0,9,11,0.0,77.0,0,7,8,17.0,150.0,35.0,11,240.0,4.0,Jan-21
KMP,0.0,1.0,2,0,0.0,8.0,3,1,2,18.0,24.0,3.0,0,79.0,3.0,Jan-21
RMP,0.0,2.0,2,0,0.0,18.0,1,1,2,5.0,39.0,1.0,0,329.0,26.0,Jan-21
BMP,0.0,1.0,2,1,0.0,5.0,0,0,7,12.0,50.0,1.0,0,48.0,0.0,Jan-21
SMP,0.0,2.0,2,5,0.0,23.0,1,1,3,15.0,89.0,0.0,0,87.0,8.0,Jan-21
RPMP,0.0,0.0,0,9,0.0,21.0,1,0,3,12.0,50.0,0.0,0,68.0,0.0,Jan-21
GMP,1.0,6.0,2,3,0.0,28.0,5,1,7,8.0,57.0,5.0,0,100.0,0.0,Jan-21
Dhaka Range,12.0,19.0,51,7,0.0,279.0,10,6,45,132.0,1011.0,10.0,5,643.0,6.0,Jan-21
Mymensingh Range,0.0,1.0,7,15,0.0,142.0,2,0,9,39.0,458.0,2.0,0,392.0,14.0,Jan-21
Chittagong Range,9.0,9.0,46,10,0.0,189.0,0.9,10,34,94.0,919.0,23.0,6,920.0,5.0,Jan-21
Sylhet Range,1.0,3.0,16,6,0.0,81.0,1,3,5,44.0,357.0,1.0,2,150.0,33.0,Jan-21
Khulna Range,2.0,12.0,19,2,0.0,157.0,0,2,16,65.0,674.0,9.0,2,559.0,20.0,Jan-21
Barishal Range,1.0,1.0,13,8,0.0,85.0,1,3,10,17.0,378.0,1.0,0,234.0,0.0,Jan-21
Rajshahi Range,1.0,7.0,42,2,0.0,182.0,2,4,5,39.0,496.0,17.0,7,818.0,63.0,Jan-21
Rangpur Range,3.0,4.0,25,0,0.0,159.0,2,1,8,46.0,680.0,1.0,0,416.0,39.0,Jan-21
Ralway Range,0.0,1.0,1,1,0.0,2.0,0,0,0,3.0,9.0,0.0,0,24.0,0.0,Jan-21
DMP,0.0,8.0,12,5,0.0,171.0,4,11,55,101.0,459.0,7.0,3,1224.0,15.0,Feb-21
CMP,0.0,4.0,3,12,0.0,55.0,3,5,12,26.0,144.0,46.0,2,270.0,2.0,Feb-21
KMP,0.0,0.0,1,0,0.0,8.0,0,1,2,8.0,41.0,1.0,0,92.0,0.0,Feb-21
RMP,0.0,3.0,1,0,0.0,18.0,4,2,0,7.0,49.0,0.0,0,221.0,18.0,Feb-21
BMP,0.0,1.0,2,0,0.0,5.0,0,0,3,5.0,41.0,0.0,0,50.0,0.0,Feb-21
SMP,0.0,0.0,4,13,0.0,33.0,0,5,3,13.0,85.0,1.0,0,75.0,4.0,Feb-21
RPMP,0.0,0.0,1,1,0.0,17.0,1,0,0,9.0,37.0,0.0,0,65.0,0.0,Feb-21
GMP,3.0,3.0,8,3,0.0,32.0,4,0,4,16.0,66.0,2.0,1,72.0,0.0,Feb-21
Dhaka Range,14.0,17.0,54,10,0.0,277.0,8,6,37,116.0,918.0,14.0,2,846.0,3.0,Feb-21
Mymensingh Range,0.0,3.0,20,12,0.0,130.0,2,0,5,38.0,470.0,0.0,3,269.0,15.0,Feb-21
Chittagong Range,4.0,11.0,43,8,0.0,198.0,8,7,33,91.0,908.0,33.0,7,891.0,11.0,Feb-21
Sylhet Range,0.0,5.0,15,5,0.0,75.0,1,5,5,54.0,297.0,6.0,0,223.0,29.0,Feb-21
Khulna Range,2.0,4.0,27,1,1.0,151.0,4,3,21,91.0,604.0,14.0,0,632.0,15.0,Feb-21
Barishal Range,2.0,1.0,9,10,0.0,110.0,0,1,12,23.0,372.0,0.0,1,197.0,0.0,Feb-21
Rajshahi Range,1.0,6.0,30,5,0.0,158.0,1,2,6,39.0,566.0,21.0,6,802.0,66.0,Feb-21
Rangpur Range,0.0,1.0,18,4,0.0,158.0,2,2,18,41.0,662.0,2.0,3,457.0,19.0,Feb-21
Ralway Range,0.0,0.0,1,1,0.0,1.0,0,0,1,7.0,8.0,0.0,0,36.0,0.0,Feb-21
DMP,3.0,8.0,7,6,1.0,223.0,8,14,50,115.0,531.0,8.0,5,1303.0,8.0,Mar-21
CMP,1.0,6.0,8,17,0.0,77.0,4,3,15,22.0,143.0,54.0,3,334.0,1.0,Mar-21
KMP,0.0,0.0,1,0,0.0,9.0,0,2,1,10.0,35.0,2.0,0,117.0,0.0,Mar-21
RMP,0.0,2.0,1,0,0.0,19.0,0,1,1,5.0,53.0,0.0,0,292.0,19.0,Mar-21
BMP,0.0,1.0,2,3,0.0,8.0,0,0,5,5.0,30.0,1.0,0,71.0,0.0,Mar-21
SMP,0.0,1.0,2,7,0.0,20.0,0,1,4,12.0,83.0,3.0,0,61.0,5.0,Mar-21
RPMP,0.0,0.0,0,4,0.0,11.0,0,0,7,16.0,41.0,0.0,0,72.0,2.0,Mar-21
GMP,0.0,3.0,4,4,0.0,47.0,2,4,5,11.0,76.0,5.0,0,123.0,0.0,Mar-21
Dhaka Range,7.0,28.0,90,13,0.0,332.0,6,17,46,107.0,1100.0,9.0,2,799.0,3.0,Mar-21
Mymensingh Range,1.0,1.0,15,17,0.0,189.0,3,0,9,44.0,502.0,4.0,0,488.0,18.0,Mar-21
Chittagong Range,7.0,12.0,54,17,0.0,259.0,9,21,24,98.0,1070.0,34.0,5,1118.0,13.0,Mar-21
Sylhet Range,0.0,1.0,21,2,0.0,71.0,3,7,5,40.0,368.0,2.0,0,174.0,26.0,Mar-21
Khulna Range,3.0,11.0,24,5,0.0,196.0,3,0,23,89.0,688.0,18.0,0,848.0,33.0,Mar-21
Barishal Range,1.0,1.0,8,7,0.0,108.0,1,1,11,24.0,407.0,2.0,1,307.0,0.0,Mar-21
Rajshahi Range,0.0,7.0,34,4,0.0,210.0,4,6,7,48.0,606.0,13.0,1,992.0,57.0,Mar-21
Rangpur Range,0.0,3.0,24,4,0.0,221.0,2,2,12,69.0,698.0,1.0,1,503.0,32.0,Mar-21
Ralway Range,0.0,0.0,0,0,0.0,0.0,0,0,0,7.0,8.0,0.0,0,34.0,1.0,Mar-21
DMP,1.0,13.0,18,3,3.0,177.0,2,8,50,95.0,454.0,8.0,2,947.0,8.0,Apr-21
CMP,0.0,4.0,9,14,0.0,51.0,2,2,11,22.0,174.0,68.0,0,181.0,1.0,Apr-21
KMP,0.0,0.0,1,0,0.0,6.0,0,0,5,11.0,32.0,0.0,0,97.0,0.0,Apr-21
RMP,0.0,3.0,5,0,0.0,18.0,0,0,1,4.0,55.0,1.0,0,128.0,12.0,Apr-21
BMP,0.0,2.0,0,0,0.0,13.0,0,0,2,12.0,35.0,1.0,0,76.0,0.0,Apr-21
SMP,0.0,0.0,2,3,0.0,26.0,0,1,3,16.0,110.0,3.0,0,72.0,7.0,Apr-21
RPMP,0.0,0.0,2,2,0.0,31.0,1,1,1,12.0,67.0,0.0,0,29.0,0.0,Apr-21
GMP,0.0,2.0,4,2,0.0,53.0,2,2,6,11.0,68.0,2.0,0,62.0,1.0,Apr-21
Dhaka Range,6.0,23.0,65,13,5.0,301.0,7,9,26,118.0,1263.0,13.0,7,592.0,3.0,Apr-21
Mymensingh Range,0.0,0.0,17,12,0.0,168.0,4,3,6,36.0,635.0,2.0,0,292.0,6.0,Apr-21
Chittagong Range,2.0,6.0,56,11,0.0,209.0,6,12,19,67.0,1214.0,30.0,2,845.0,13.0,Apr-21
Sylhet Range,2.0,4.0,22,2,0.0,72.0,3,2,8,33.0,394.0,2.0,0,151.0,25.0,Apr-21
Khulna Range,1.0,10.0,25,3,0.0,200.0,5,5,13,66.0,792.0,6.0,4,489.0,13.0,Apr-21
Barishal Range,1.0,4.0,14,3,0.0,119.0,0,1,12,20.0,528.0,6.0,1,188.0,1.0,Apr-21
Rajshahi Range,1.0,5.0,34,4,0.0,213.0,2,3,3,43.0,665.0,14.0,1,889.0,61.0,Apr-21
Rangpur Range,1.0,4.0,28,3,0.0,198.0,2,2,10,51.0,853.0,2.0,0,349.0,15.0,Apr-21
Ralway Range,0.0,0.0,0,0,0.0,0.0,0,0,0,4.0,6.0,0.0,0,10.0,0.0,Apr-21
DMP,4.0,17.0,19,11,0.0,172.0,1,5,52,116.0,488.0,17.0,5,1064.0,12.0,May-21
CMP,1.0,4.0,2,18,0.0,54.0,5,1,17,21.0,193.0,47.0,0,209.0,0.0,May-21
KMP,0.0,2.0,3,0,0.0,13.0,0,0,1,8.0,33.0,0.0,0,94.0,0.0,May-21
RMP,0.0,1.0,1,0,0.0,16.0,0,0,4,7.0,53.0,2.0,0,174.0,11.0,May-21
BMP,1.0,0.0,0,2,0.0,12.0,1,0,6,6.0,35.0,3.0,0,70.0,0.0,May-21
SMP,0.0,0.0,5,6,0.0,22.0,1,1,2,11.0,97.0,3.0,0,81.0,5.0,May-21
RPMP,0.0,0.0,1,5,0.0,16.0,0,0,8,8.0,64.0,0.0,0,42.0,0.0,May-21
GMP,0.0,3.0,6,2,0.0,37.0,3,3,2,15.0,66.0,1.0,0,70.0,0.0,May-21
Dhaka Range,8.0,19.0,54,13,0.0,304.0,12,8,30,98.0,1182.0,21.0,5,683.0,3.0,May-21
Mymensingh Range,0.0,2.0,19,17,0.0,191.0,0,2,2,51.0,704.0,2.0,0,270.0,12.0,May-21
Chittagong Range,3.0,14.0,54,22,0.0,250.0,6,11,36,91.0,1314.0,35.0,1,1021.0,8.0,May-21
Sylhet Range,2.0,5.0,26,0,0.0,84.0,1,3,5,27.0,440.0,2.0,0,156.0,15.0,May-21
Khulna Range,1.0,5.0,32,5,0.0,177.0,2,1,10,63.0,762.0,7.0,2,571.0,12.0,May-21
Barishal Range,1.0,4.0,17,7,0.0,85.0,0,0,15,25.0,537.0,2.0,3,235.0,0.0,May-21
Rajshahi Range,1.0,5.0,33,8,0.0,187.0,3,6,8,55.0,675.0,17.0,1,852.0,47.0,May-21
Rangpur Range,1.0,2.0,22,0,0.0,229.0,4,3,5,56.0,846.0,2.0,0,436.0,30.0,May-21
Ralway Range,0.0,0.0,1,0,0.0,0.0,0,0,0,4.0,3.0,0.0,0,5.0,0.0,May-21
DMP,4.0,15.0,10,13,0.0,213.0,3,4,58,105.0,570.0,8.0,3,1373.0,9.0,Jun-21
CMP,0.0,6.0,4,13,0.0,87.0,3,3,15,25.0,187.0,52.0,0,254.0,7.0,Jun-21
KMP,0.0,1.0,0,0,0.0,18.0,0,1,1,11.0,38.0,1.0,0,97.0,2.0,Jun-21
RMP,0.0,1.0,5,1,1.0,13.0,0,0,2,3.0,40.0,2.0,0,134.0,7.0,Jun-21
BMP,0.0,1.0,0,2,0.0,12.0,1,0,4,14.0,30.0,2.0,0,90.0,0.0,Jun-21
SMP,0.0,2.0,3,6,0.0,30.0,0,1,6,19.0,81.0,0.0,0,69.0,5.0,Jun-21
RPMP,0.0,0.0,2,2,0.0,22.0,1,0,2,10.0,51.0,1.0,0,65.0,0.0,Jun-21
GMP,1.0,1.0,3,3,0.0,41.0,1,0,2,12.0,60.0,4.0,0,96.0,0.0,Jun-21
Dhaka Range,20.0,13.0,58,9,2.0,363.0,13,11,40,112.0,946.0,25.0,2,1018.0,4.0,Jun-21
Mymensingh Range,0.0,2.0,20,17,0.0,238.0,2,2,4,43.0,528.0,4.0,1,307.0,11.0,Jun-21
Chittagong Range,6.0,14.0,46,13,0.0,294.0,12,6,27,108.0,988.0,28.0,0,1205.0,22.0,Jun-21
Sylhet Range,3.0,4.0,18,4,0.0,113.0,1,1,5,48.0,373.0,4.0,0,171.0,31.0,Jun-21
Khulna Range,2.0,8.0,23,3,0.0,196.0,3,2,19,77.0,678.0,7.0,1,583.0,11.0,Jun-21
Barishal Range,2.0,5.0,19,13,0.0,123.0,5,4,8,24.0,441.0,1.0,0,214.0,0.0,Jun-21
Rajshahi Range,0.0,7.0,28,11,0.0,231.0,3,5,7,65.0,629.0,13.0,5,863.0,59.0,Jun-21
Rangpur Range,0.0,4.0,28,2,0.0,273.0,2,1,17,58.0,743.0,0.0,0,413.0,32.0,Jun-21
Ralway Range,0.0,2.0,0,0,0.0,1.0,0,0,0,4.0,11.0,1.0,0,15.0,0.0,Jun-21
DMP,1.0,7.0,8,7,0.0,190.0,2,2,44,98.0,428.0,12.0,5,970.0,7.0,Jul-21
CMP,0.0,5.0,9,13,0.0,57.0,0,1,15,29.0,130.0,40.0,0,107.0,3.0,Jul-21
KMP,0.0,0.0,1,0,0.0,13.0,0,0,2,8.0,24.0,0.0,0,75.0,2.0,Jul-21
RMP,0.0,2.0,2,1,0.0,11.0,0,0,7,4.0,58.0,0.0,0,141.0,6.0,Jul-21
BMP,1.0,0.0,0,2,0.0,11.0,0,0,5,8.0,38.0,2.0,0,72.0,0.0,Jul-21
SMP,0.0,3.0,1,5,0.0,26.0,0,1,7,12.0,68.0,3.0,0,55.0,6.0,Jul-21
RPMP,0.0,0.0,1,6,0.0,28.0,1,0,0,16.0,38.0,0.0,0,45.0,0.0,Jul-21
GMP,1.0,1.0,10,2,0.0,30.0,3,1,3,18.0,50.0,1.0,0,77.0,0.0,Jul-21
Dhaka Range,7.0,14.0,59,20,0.0,288.0,4,5,45,100.0,937.0,29.0,1,678.0,2.0,Jul-21
Mymensingh Range,0.0,1.0,19,11,0.0,194.0,1,2,4,50.0,564.0,2.0,0,189.0,21.0,Jul-21
Chittagong Range,5.0,10.0,45,12,0.0,225.0,6,7,43,98.0,959.0,36.0,6,1040.0,11.0,Jul-21
Sylhet Range,2.0,2.0,19,1,0.0,78.0,1,1,3,42.0,326.0,3.0,0,179.0,31.0,Jul-21
Khulna Range,0.0,4.0,28,2,0.0,129.0,1,1,23,62.0,612.0,12.0,1,446.0,15.0,Jul-21
Barishal Range,2.0,0.0,10,7,0.0,108.0,1,1,16,19.0,374.0,2.0,0,181.0,0.0,Jul-21
Rajshahi Range,2.0,8.0,34,12,0.0,198.0,2,7,5,58.0,576.0,12.0,3,853.0,47.0,Jul-21
Rangpur Range,1.0,4.0,33,2,0.0,230.0,2,3,18,55.0,715.0,1.0,0,306.0,25.0,Jul-21
Ralway Range,0.0,0.0,0,0,0.0,1.0,0,0,0,4.0,4.0,0.0,0,4.0,0.0,Jul-21
DMP,1.0,13.0,13,4,0.0,171.0,1,4,74,124.0,487.0,8.0,5,1384.0,24.0,Aug-21
CMP,0.0,7.0,5,15,1.0,66.0,1,1,21,35.0,159.0,37.0,0,184.0,1.0,Aug-21
KMP,0.0,0.0,0,0,0.0,10.0,0,0,4,17.0,30.0,3.0,0,104.0,1.0,Aug-21
RMP,0.0,2.0,4,1,0.0,10.0,0,0,3,4.0,38.0,3.0,0,374.0,7.0,Aug-21
BMP,0.0,0.0,1,1,0.0,19.0,0,1,4,16.0,31.0,0.0,0,93.0,0.0,Aug-21
SMP,0.0,0.0,2,5,0.0,24.0,0,0,1,16.0,83.0,5.0,0,78.0,9.0,Aug-21
RPMP,0.0,0.0,0,0,0.0,11.0,2,0,5,13.0,45.0,0.0,0,67.0,0.0,Aug-21
GMP,1.0,3.0,1,0,0.0,34.0,2,1,6,11.0,57.0,1.0,0,108.0,0.0,Aug-21
Dhaka Range,9.0,16.0,59,22,1.0,332.0,6,5,50,115.0,913.0,25.0,4,843.0,3.0,Aug-21
Mymensingh Range,0.0,2.0,24,13,0.0,225.0,1,0,6,60.0,549.0,0.0,1,342.0,19.0,Aug-21
Chittagong Range,6.0,16.0,58,10,0.0,245.0,8,7,49,95.0,845.0,50.0,2,1314.0,23.0,Aug-21
Sylhet Range,0.0,3.0,18,3,0.0,104.0,2,0,5,48.0,316.0,2.0,0,218.0,26.0,Aug-21
Khulna Range,3.0,9.0,26,2,0.0,184.0,0,3,19,70.0,595.0,10.0,1,681.0,18.0,Aug-21
Barishal Range,3.0,3.0,11,6,0.0,121.0,0,0,13,27.0,313.0,2.0,0,286.0,2.0,Aug-21
Rajshahi Range,4.0,7.0,30,8,0.0,230.0,5,5,10,76.0,576.0,21.0,4,1535.0,53.0,Aug-21
Rangpur Range,3.0,2.0,25,3,0.0,293.0,4,3,26,65.0,676.0,2.0,0,424.0,23.0,Aug-21
Ralway Range,0.0,1.0,1,0,0.0,0.0,0,0,0,13.0,11.0,0.0,0,13.0,0.0,Aug-21
DMP,1.0,12.0,19,4,0.0,221.0,6,1,44,105.0,507.0,9.0,7,1438.0,13.0,Sep-21
CMP,1.0,10.0,3,11,0.0,70.0,0,0,25,26.0,173.0,48.0,0,213.0,1.0,Sep-21
KMP,0.0,0.0,4,0,0.0,9.0,0,0,2,10.0,22.0,1.0,0,97.0,0.0,Sep-21
RMP,0.0,1.0,7,0,0.0,17.0,0,2,2,9.0,51.0,1.0,0,276.0,11.0,Sep-21
BMP,0.0,0.0,0,0,0.0,11.0,0,0,6,8.0,37.0,1.0,0,90.0,0.0,Sep-21
SMP,0.0,1.0,3,7,0.0,41.0,0,1,5,16.0,108.0,0.0,0,68.0,5.0,Sep-21
RPMP,0.0,0.0,2,3,0.0,22.0,0,0,4,13.0,40.0,0.0,0,62.0,0.0,Sep-21
GMP,2.0,1.0,6,1,0.0,34.0,3,1,2,12.0,65.0,4.0,0,100.0,0.0,Sep-21
Dhaka Range,9.0,27.0,47,13,0.0,319.0,6,13,30,151.0,868.0,27.0,1,816.0,7.0,Sep-21
Mymensingh Range,0.0,1.0,17,8,0.0,204.0,3,0,2,60.0,494.0,3.0,0,354.0,17.0,Sep-21
Chittagong Range,3.0,8.0,56,6,0.0,266.0,12,9,42,109.0,849.0,39.0,4,1345.0,15.0,Sep-21
Sylhet Range,1.0,5.0,18,5,0.0,112.0,0,0,10,45.0,339.0,2.0,0,177.0,22.0,Sep-21
Khulna Range,0.0,8.0,27,5,0.0,194.0,0,5,22,76.0,635.0,10.0,2,539.0,13.0,Sep-21
Barishal Range,1.0,1.0,9,3,0.0,131.0,2,1,8,26.0,294.0,1.0,0,272.0,1.0,Sep-21
Rajshahi Range,1.0,9.0,31,8,0.0,245.0,1,3,12,64.0,619.0,16.0,1,1242.0,71.0,Sep-21
Rangpur Range,3.0,1.0,17,3,0.0,238.0,4,1,19,82.0,616.0,0.0,1,364.0,21.0,Sep-21
Ralway Range,1.0,1.0,1,0,0.0,1.0,0,0,0,18.0,8.0,1.0,0,34.0,1.0,Sep-21
DMP,4.0,13.0,17,7,0.0,215.0,5,6,46,110.0,597.0,10.0,5,1472.0,16.0,Oct-21
CMP,0.0,8.0,2,2,0.0,102.0,4,1,12,23.0,162.0,15.0,0,169.0,1.0,Oct-21
KMP,1.0,0.0,1,0,0.0,12.0,0,0,0,11.0,40.0,2.0,0,83.0,2.0,Oct-21
RMP,0.0,2.0,1,0,0.0,12.0,1,0,3,9.0,47.0,0.0,0,281.0,9.0,Oct-21
BMP,0.0,0.0,2,4,0.0,10.0,0,0,9,10.0,49.0,0.0,0,92.0,0.0,Oct-21
SMP,0.0,6.0,2,4,0.0,26.0,1,2,11,18.0,80.0,1.0,0,62.0,1.0,Oct-21
RPMP,0.0,0.0,1,1,0.0,17.0,0,0,2,13.0,53.0,0.0,0,58.0,0.0,Oct-21
GMP,1.0,0.0,4,5,0.0,38.0,4,0,0,17.0,58.0,2.0,0,109.0,0.0,Oct-21
Dhaka Range,8.0,28.0,60,18,1.0,299.0,1,13,35,123.0,904.0,20.0,1,690.0,7.0,Oct-21
Mymensingh Range,1.0,0.0,10,13,0.0,179.0,1,0,1,46.0,436.0,2.0,0,274.0,25.0,Oct-21
Chittagong Range,6.0,10.0,43,4,0.0,265.0,5,21,32,105.0,963.0,33.0,2,945.0,8.0,Oct-21
Sylhet Range,1.0,6.0,14,0,0.0,79.0,3,3,5,27.0,310.0,2.0,0,140.0,16.0,Oct-21
Khulna Range,3.0,8.0,17,3,0.0,170.0,2,2,24,82.0,563.0,21.0,4,519.0,17.0,Oct-21
Barishal Range,3.0,4.0,12,1,0.0,128.0,1,1,19,19.0,400.0,1.0,0,246.0,0.0,Oct-21
Rajshahi Range,0.0,8.0,37,7,0.0,185.0,5,6,11,61.0,553.0,20.0,2,1224.0,54.0,Oct-21
Rangpur Range,1.0,1.0,18,1,0.0,229.0,2,2,18,55.0,578.0,1.0,0,305.0,18.0,Oct-21
Ralway Range,0.0,0.0,2,0,0.0,0.0,0,0,0,12.0,7.0,0.0,0,18.0,1.0,Oct-21
DMP,1.0,12.0,11,11,0.0,134.0,5,6,41,126.0,584.0,10.0,10,1981.0,19.0,Nov-21
CMP,0.0,10.0,8,11,0.0,74.0,1,0,18,24.0,149.0,23.0,0,258.0,2.0,Nov-21
KMP,2.0,2.0,0,0,0.0,12.0,2,0,2,4.0,43.0,1.0,0,80.0,1.0,Nov-21
RMP,0.0,1.0,2,2,1.0,13.0,1,0,2,5.0,49.0,1.0,0,216.0,15.0,Nov-21
BMP,0.0,0.0,0,1,0.0,14.0,0,0,2,5.0,48.0,1.0,0,81.0,0.0,Nov-21
SMP,0.0,3.0,0,5,0.0,22.0,0,2,7,8.0,91.0,2.0,0,94.0,3.0,Nov-21
RPMP,0.0,0.0,1,1,0.0,17.0,0,2,0,11.0,50.0,1.0,0,44.0,0.0,Nov-21
GMP,2.0,3.0,5,5,0.0,36.0,4,0,4,10.0,53.0,1.0,0,86.0,0.0,Nov-21
Dhaka Range,7.0,18.0,63,11,1.0,251.0,5,20,25,98.0,881.0,41.0,11,667.0,2.0,Nov-21
Mymensingh Range,0.0,0.0,8,10,0.0,151.0,3,13,7,40.0,420.0,4.0,1,278.0,7.0,Nov-21
Chittagong Range,4.0,10.0,48,10,3.0,214.0,6,13,37,80.0,815.0,58.0,4,988.0,14.0,Nov-21
Sylhet Range,4.0,2.0,17,2,0.0,59.0,0,2,8,35.0,284.0,5.0,0,203.0,22.0,Nov-21
Khulna Range,0.0,5.0,29,9,0.0,123.0,1,4,6,59.0,524.0,12.0,4,513.0,11.0,Nov-21
Barishal Range,6.0,2.0,14,14,0.0,93.0,2,3,10,15.0,308.0,4.0,1,209.0,4.0,Nov-21
Rajshahi Range,0.0,7.0,30,7,0.0,147.0,1,14,7,44.0,569.0,23.0,10,908.0,40.0,Nov-21
Rangpur Range,2.0,6.0,14,1,0.0,143.0,0,14,8,62.0,592.0,2.0,0,269.0,17.0,Nov-21
Ralway Range,0.0,1.0,1,0,0.0,0.0,0,0,0,6.0,6.0,2.0,0,29.0,2.0,Nov-21
DMP,0.0,11.0,14,6,0.0,146.0,5,1,61,120.0,530.0,16.0,20,1525.0,21.0,Dec-21
CMP,1.0,9.0,4,9,0.0,80.0,2,1,12,31.0,163.0,14.0,0,201.0,3.0,Dec-21
KMP,0.0,1.0,1,1,0.0,5.0,0,0,3,5.0,38.0,1.0,0,85.0,1.0,Dec-21
RMP,0.0,0.0,1,0,1.0,6.0,1,0,1,4.0,65.0,0.0,0,205.0,15.0,Dec-21
BMP,0.0,0.0,1,0,0.0,9.0,0,0,4,7.0,22.0,0.0,0,85.0,0.0,Dec-21
SMP,0.0,2.0,1,7,0.0,16.0,0,0,4,9.0,79.0,0.0,0,75.0,8.0,Dec-21
RPMP,0.0,0.0,0,0,0.0,10.0,0,0,3,17.0,58.0,0.0,0,50.0,0.0,Dec-21
GMP,1.0,3.0,5,1,0.0,21.0,0,0,2,9.0,53.0,0.0,0,75.0,0.0,Dec-21
Dhaka Range,8.0,18.0,48,13,1.0,214.0,8,11,32,114.0,941.0,21.0,6,610.0,1.0,Dec-21
Mymensingh Range,0.0,6.0,15,11,0.0,144.0,4,2,4,37.0,448.0,1.0,0,215.0,19.0,Dec-21
Chittagong Range,4.0,6.0,37,5,0.0,209.0,2,7,25,74.0,745.0,60.0,2,957.0,19.0,Dec-21
Sylhet Range,0.0,3.0,16,1,0.0,57.0,0,5,3,39.0,255.0,3.0,0,117.0,22.0,Dec-21
Khulna Range,2.0,3.0,24,15,0.0,138.0,1,4,12,74.0,549.0,18.0,2,497.0,14.0,Dec-21
Barishal Range,1.0,0.0,13,5,0.0,89.0,1,1,12,19.0,363.0,3.0,2,191.0,0.0,Dec-21
Rajshahi Range,1.0,11.0,36,4,0.0,124.0,0,9,6,54.0,546.0,26.0,3,846.0,53.0,Dec-21
Rangpur Range,0.0,2.0,15,1,0.0,158.0,5,6,8,65.0,641.0,1.0,0,287.0,5.0,Dec-21
Ralway Range,0.0,1.0,0,0,0.0,0.0,0,0,0,9.0,14.0,0.0,0,16.0,1.0,Dec-21
DMP,3.0,10.0,9,12,0.0,170.0,5,5,49,112.0,510.0,7.0,7,1640.0,9.0,Jan-22
CMP,2.0,3.0,2,13,0.0,53.0,1,4,9,36.0,188.0,13.0,1,221.0,0.0,Jan-22
KMP,0.0,0.0,2,0,0.0,12.0,0,0,4,4.0,32.0,1.0,1,101.0,0.0,Jan-22
RMP,0.0,9.0,3,5,0.0,14.0,1,0,0,9.0,39.0,0.0,1,214.0,14.0,Jan-22
BMP,1.0,0.0,3,1,0.0,9.0,1,2,6,9.0,32.0,2.0,1,100.0,0.0,Jan-22
SMP,0.0,2.0,0,5,0.0,26.0,0,1,3,12.0,72.0,1.0,0,84.0,0.0,Jan-22
RPMP,0.0,0.0,0,1,0.0,23.0,1,0,3,13.0,73.0,1.0,0,56.0,0.0,Jan-22
GMP,0.0,3.0,4,2,0.0,28.0,3,0,1,6.0,58.0,1.0,0,87.0,0.0,Jan-22
Dhaka Range,14.0,18.0,76,16,0.0,209.0,7,12,40,119.0,971.0,24.0,6,761.0,4.0,Jan-22
Mymensingh Range,0.0,2.0,16,16,0.0,128.0,1,4,5,49.0,496.0,2.0,0,252.0,15.0,Jan-22
Chittagong Range,5.0,14.0,50,5,0.0,187.0,4,7,32,94.0,802.0,50.0,2,1115.0,24.0,Jan-22
Sylhet Range,1.0,2.0,15,2,0.0,60.0,1,1,7,36.0,312.0,1.0,0,137.0,15.0,Jan-22
Khulna Range,2.0,10.0,29,5,0.0,131.0,3,4,18,64.0,549.0,16.0,3,636.0,22.0,Jan-22
Barishal Range,1.0,3.0,13,3,0.0,79.0,1,1,13,29.0,345.0,3.0,1,273.0,1.0,Jan-22
Rajshahi Range,0.0,10.0,21,7,0.0,142.0,4,10,5,52.0,592.0,19.0,7,1005.0,66.0,Jan-22
Rangpur Range,1.0,5.0,20,1,0.0,162.0,4,2,18,73.0,590.0,6.0,0,332.0,10.0,Jan-22
Ralway Range,0.0,0.0,1,0,0.0,0.0,2,0,0,12.0,14.0,0.0,0,34.0,1.0,Jan-22
DMP,4.0,16.0,12,14,0.0,141.0,2,6,49,135.0,511.0,12.0,5,1549.0,19.0,Feb-22
CMP,2.0,7.0,4,10,0.0,46.0,0,1,18,25.0,177.0,20.0,0,167.0,1.0,Feb-22
KMP,0.0,1.0,2,0,0.0,13.0,0,0,2,5.0,22.0,2.0,0,103.0,0.0,Feb-22
RMP,0.0,2.0,2,0,0.0,13.0,0,1,4,8.0,30.0,0.0,0,209.0,8.0,Feb-22
BMP,0.0,0.0,1,0,0.0,13.0,0,0,7,15.0,32.0,0.0,0,82.0,0.0,Feb-22
SMP,0.0,2.0,3,6,0.0,17.0,0,1,4,6.0,86.0,0.0,0,52.0,3.0,Feb-22
RPMP,0.0,0.0,0,0,0.0,8.0,0,0,0,15.0,48.0,0.0,0,44.0,0.0,Feb-22
GMP,6.0,2.0,1,3,0.0,23.0,4,0,0,12.0,57.0,1.0,0,84.0,0.0,Feb-22
Dhaka Range,15.0,22.0,56,12,0.0,250.0,7,10,38,125.0,910.0,15.0,5,861.0,0.0,Feb-22
Mymensingh Range,1.0,1.0,14,4,0.0,124.0,4,4,5,42.0,453.0,1.0,0,328.0,16.0,Feb-22
Chittagong Range,1.0,9.0,44,8,0.0,160.0,5,14,22,80.0,804.0,63.0,3,1136.0,12.0,Feb-22
Sylhet Range,1.0,2.0,13,1,0.0,81.0,1,1,3,37.0,267.0,2.0,1,163.0,30.0,Feb-22
Khulna Range,1.0,5.0,23,5,0.0,120.0,0,2,13,70.0,550.0,12.0,4,745.0,14.0,Feb-22
Barishal Range,3.0,5.0,4,5,0.0,95.0,0,2,11,16.0,301.0,0.0,0,268.0,0.0,Feb-22
Rajshahi Range,2.0,6.0,31,11,0.0,172.0,0,3,14,64.0,518.0,28.0,2,1107.0,77.0,Feb-22
Rangpur Range,1.0,3.0,22,2,0.0,176.0,2,0,16,60.0,557.0,2.0,0,379.0,9.0,Feb-22
Ralway Range,0.0,2.0,2,0,0.0,2.0,0,0,0,4.0,17.0,0.0,0,32.0,0.0,Feb-22
DMP,1.0,16.0,17,13,0.0,199.0,3,12,60,146.0,680.0,7.0,10,1465.0,17.0,Mar-22
CMP,0.0,3.0,1,13,0.0,69.0,1,1,9,29.0,172.0,18.0,1,156.0,2.0,Mar-22
KMP,0.0,0.0,1,0,0.0,12.0,0,0,2,4.0,34.0,1.0,1,89.0,1.0,Mar-22
RMP,0.0,1.0,1,0,0.0,18.0,1,1,2,8.0,48.0,1.0,0,261.0,1.0,Mar-22
BMP,0.0,0.0,0,1,0.0,18.0,1,0,5,10.0,59.0,1.0,0,108.0,0.0,Mar-22
SMP,0.0,2.0,1,5,0.0,31.0,0,0,4,10.0,94.0,1.0,0,73.0,5.0,Mar-22
RPMP,0.0,0.0,2,3,0.0,16.0,0,0,0,18.0,64.0,0.0,0,38.0,0.0,Mar-22
GMP,4.0,1.0,10,3,0.0,53.0,1,1,2,15.0,75.0,2.0,0,85.0,1.0,Mar-22
Dhaka Range,17.0,25.0,57,24,0.0,312.0,8,17,51,160.0,1105.0,14.0,9,834.0,3.0,Mar-22
Mymensingh Range,2.0,6.0,20,6,0.0,196.0,5,1,3,56.0,553.0,2.0,0,309.0,26.0,Mar-22
Chittagong Range,6.0,14.0,37,6,0.0,231.0,6,7,28,108.0,904.0,49.0,3,1293.0,29.0,Mar-22
Sylhet Range,1.0,3.0,15,2,0.0,83.0,3,2,8,50.0,353.0,0.0,0,261.0,13.0,Mar-22
Khulna Range,1.0,5.0,28,6,0.0,160.0,1,2,12,67.0,638.0,9.0,4,578.0,14.0,Mar-22
Barishal Range,3.0,6.0,7,1,0.0,126.0,1,3,13,29.0,366.0,4.0,0,252.0,0.0,Mar-22
Rajshahi Range,0.0,7.0,28,11,0.0,227.0,2,8,7,87.0,608.0,31.0,1,1165.0,72.0,Mar-22
Rangpur Range,0.0,3.0,21,1,0.0,224.0,4,1,17,74.0,621.0,0.0,0,428.0,8.0,Mar-22
Ralway Range,0.0,2.0,1,0,0.0,1.0,0,1,0,17.0,25.0,0.0,0,35.0,2.0,Mar-22
DMP,3.0,8.0,16,13,0.0,184.0,5,9,68,151.0,700.0,9.0,6,1217.0,29.0,Apr-22
CMP,0.0,11.0,4,12,0.0,75.0,3,3,21,48.0,199.0,18.0,1,175.0,1.0,Apr-22
KMP,0.0,0.0,0,0,0.0,12.0,0,1,3,3.0,29.0,1.0,0,83.0,0.0,Apr-22
RMP,0.0,1.0,5,0,0.0,15.0,1,1,2,4.0,40.0,1.0,0,206.0,0.0,Apr-22
BMP,1.0,1.0,2,0,0.0,11.0,0,4,5,9.0,38.0,1.0,0,92.0,0.0,Apr-22
SMP,0.0,0.0,5,5,0.0,20.0,0,2,5,15.0,87.0,4.0,0,55.0,6.0,Apr-22
RPMP,0.0,0.0,0,0,0.0,24.0,0,0,1,14.0,71.0,0.0,0,43.0,0.0,Apr-22
GMP,1.0,7.0,2,4,0.0,40.0,1,1,2,14.0,86.0,0.0,0,70.0,0.0,Apr-22
Dhaka Range,11.0,26.0,56,48,0.0,347.0,7,10,46,145.0,1266.0,15.0,5,752.0,2.0,Apr-22
Mymensingh Range,1.0,2.0,17,8,0.0,182.0,1,2,1,62.0,750.0,3.0,0,308.0,26.0,Apr-22
Chittagong Range,0.2,16.0,55,9,0.0,18.1,7,7,26,103.0,1027.0,78.0,1,1212.0,22.0,Apr-22
Sylhet Range,2.0,6.0,15,1,0.0,93.0,1,4,2,39.0,445.0,0.0,1,155.0,27.0,Apr-22
Khulna Range,0.0,10.0,31,4,0.0,154.0,2,3,11,88.0,813.0,11.0,2,616.0,12.0,Apr-22
Barishal Range,1.0,3.0,12,0,0.0,106.0,3,2,13,25.0,440.0,2.0,0,241.0,3.0,Apr-22
Rajshahi Range,3.0,11.0,28,3,0.0,237.0,1,3,7,83.0,765.0,26.0,4,1057.0,69.0,Apr-22
Rangpur Range,1.0,2.0,21,4,0.0,195.0,3,3,15,71.0,808.0,1.0,0,404.0,11.0,Apr-22
Ralway Range,0.0,3.0,0,0,0.0,0.0,0,0,0,13.0,14.0,0.0,0,28.0,3.0,Apr-22
DMP,0.0,11.0,11,9,1.0,186.0,3,8,68,133.0,626.0,4.0,7,1411.0,10.0,May-22
CMP,0.0,9.0,6,17,0.0,76.0,3,2,19,28.0,173.0,18.0,1,144.0,3.0,May-22
KMP,0.0,0.0,1,0,0.0,21.0,0,0,2,8.0,24.0,1.0,0,73.0,1.0,May-22
RMP,0.0,2.0,3,1,0.0,17.0,0,0,3,6.0,54.0,1.0,0,247.0,0.0,May-22
BMP,0.0,1.0,0,1,0.0,15.0,0,0,4,7.0,43.0,1.0,0,96.0,0.0,May-22
SMP,0.0,0.0,3,2,0.0,26.0,0,2,4,14.0,67.0,0.0,0,57.0,2.0,May-22
RPMP,0.0,0.0,0,2,0.0,15.0,0,0,0,12.0,57.0,0.0,0,42.0,0.0,May-22
GMP,3.0,1.0,3,0,0.0,31.0,3,0,5,15.0,71.0,1.0,0,79.0,0.0,May-22
Dhaka Range,13.0,24.0,65,28,0.0,333.0,9,7,32,102.0,1167.0,18.0,4,855.0,3.0,May-22
Mymensingh Range,0.0,4.0,26,12,0.0,190.0,3,2,4,31.0,685.0,2.0,0,270.0,24.0,May-22
Chittagong Range,4.0,9.0,41,8,0.0,213.0,5,10,. 31,86.0,1024.0,61.0,0,1077.0,17.0,May-22
Sylhet Range,0.0,1.0,19,1,0.0,83.0,0,2,5,30.0,421.0,0.0,1,184.0,21.0,May-22
Khulna Range,1.0,2.0,27,1,0.0,184.0,1,2,16,67.0,722.0,9.0,2,574.0,7.0,May-22
Barishal Range,0.0,5.0,11,7,0.0,116.0,1,1,9,21.0,441.0,2.0,0,246.0,0.0,May-22
Rajshahi Range,1.0,12.0,38,4,0.0,251.0,1,6,7,58.0,773.0,26.0,1,1121.0,63.0,May-22
Rangpur Range,2.0,2.0,21,3,0.0,241.0,3,2,17,56.0,751.0,3.0,0,380.0,9.0,May-22
Ralway Range,0.0,2.0,1,0,0.0,3.0,0,0,0,15.0,15.0,0.0,0,20.0,1.0,May-22
DMP,3.0,10.0,21,7,0.0,199.0,4,15,63,131.0,684.0,6.0,5,1342.0,23.0,Jun-22
CMP,0.0,11.0,7,12,0.0,66.0,2,1,11,29.0,152.0,15.0,0,142.0,3.0,Jun-22
KMP,1.0,0.0,2,1,0.0,13.0,0,1,2,2.0,32.0,2.0,1,87.0,0.0,Jun-22
RMP,0.0,2.0,3,0,0.0,13.0,1,1,3,16.0,49.0,0.0,0,209.0,2.0,Jun-22
BMP,0.0,1.0,1,1,0.0,17.0,0,0,2,9.0,42.0,0.0,0,77.0,0.0,Jun-22
SMP,0.0,0.0,1,4,0.0,26.0,0,2,2,9.0,71.0,0.0,0,68.0,5.0,Jun-22
RPMP,0.0,0.0,0,0,0.0,7.0,0,0,0,20.0,59.0,0.0,0,27.0,0.0,Jun-22
GMP,1.0,4.0,3,1,0.0,47.0,3,1,1,13.0,72.0,1.0,0,68.0,0.0,Jun-22
Dhaka Range,16.0,20.0,60,30,0.0,323.0,11,10,48,153.0,1096.0,20.0,2,838.0,0.0,Jun-22
Mymensingh Range,0.0,3.0,15,12,0.0,218.0,-5,2,7,44.0,502.0,3.0,0,330.0,29.0,Jun-22
Chittagong Range,5.0,12.0,38,9,0.0,237.0,7,6,34,103.0,903.0,38.0,1,1172.0,20.0,Jun-22
Sylhet Range,3.0,3.0,10,3,0.0,87.0,0,1,5,36.0,312.0,3.0,1,151.0,12.0,Jun-22
Khulna Range,7.0,4.0,23,5,0.0,184.0,3,6,14,74.0,768.0,9.0,1,672.0,14.0,Jun-22
Barishal Range,4.0,3.0,12,5,0.0,121.0,0,6,12,27.0,355.0,1.0,0,221.0,0.0,Jun-22
Rajshahi Range,0.0,6.0,25,5,0.0,259.0,4,4,12,83.0,685.0,28.0,2,1084.0,70.0,Jun-22
Rangpur Range,0.0,5.0,24,4,0.0,219.0,5,0,11,84.0,694.0,2.0,0,340.0,6.0,Jun-22
Ralway Range,0.0,1.0,4,0,0.0,3.0,0,0,0,9.0,11.0,0.0,0,39.0,2.0,Jun-22
DMP,4.0,13.0,13,12,0.0,174.0,3,3,70,121.0,621.0,5.0,5,1190.0,5.0,Jul-22
CMP,0.0,6.0,7,12,0.0,51.0,4,0,10,28.0,171.0,11.0,0,137.0,5.0,Jul-22
KMP,0.0,0.0,2,1,0.0,14.0,1,0,6,6.0,20.0,0.0,0,71.0,0.0,Jul-22
RMP,0.0,2.0,4,0,0.0,9.0,1,0,5,3.0,46.0,2.0,0,215.0,0.0,Jul-22
BMP,0.0,1.0,2,1,0.0,17.0,0,0,4,3.0,32.0,1.0,0,82.0,0.0,Jul-22
SMP,0.0,2.0,1,8,0.0,25.0,0,1,5,15.0,87.0,0.0,0,59.0,6.0,Jul-22
RPMP,0.0,0.0,0,3,0.0,12.0,0,0,2,12.0,60.0,0.0,0,20.0,0.0,Jul-22
GMP,2.0,4.0,8,3,0.0,40.0,1,0,1,3.0,66.0,3.0,0,58.0,0.0,Jul-22
Dhaka Range,14.0,31.0,74,15,0.0,296.0,5,8,47,133.0,1140.0,11.0,5,751.0,2.0,Jul-22
Mymensingh Range,3.0,3.0,27,9,0.0,199.0,6,2,6,43.0,603.0,1.0,0,261.0,39.0,Jul-22
Chittagong Range,5.0,15.0,40,12,0.0,246.0,4,9,42,101.0,954.0,49.0,0,1087.0,29.0,Jul-22
Sylhet Range,1.0,1.0,31,0,0.0,75.0,0,6,5,41.0,359.0,0.0,0,177.0,10.0,Jul-22
Khulna Range,3.0,6.0,24,5,0.0,180.0,0,0,18,84.0,744.0,18.0,1,574.0,13.0,Jul-22
Barishal Range,3.0,1.0,18,1,0.0,109.0,1,2,10,23.0,367.0,3.0,0,252.0,0.0,Jul-22
Rajshahi Range,1.0,6.0,34,8,0.0,262.0,2,2,7,55.0,774.0,12.0,5,1146.0,61.0,Jul-22
Rangpur Range,1.0,5.0,21,1,0.0,252.0,5,7,20,63.0,771.0,0.0,1,313.0,11.0,Jul-22
Ralway Range,0.0,1.0,0,0,0.0,1.0,0,0,0,9.0,19.0,0.0,0,28.0,1.0,Jul-22
DMP,2.0,10.0,17,20,0.0,181.0,6,4,73,151.0,679.0,3.0,7,1448.0,17.0,Aug-22
CMP,0.0,6.0,7,16,0.0,70.0,1,3,13,24.0,185.0,6.0,0,210.0,5.0,Aug-22
KMP,0.0,0.0,2,0,0.0,17.0,1,0,3,5.0,41.0,1.0,0,64.0,0.0,Aug-22
RMP,1.0,4.0,1,2,0.0,27.0,0,0,7,9.0,45.0,2.0,0,248.0,1.0,Aug-22
BMP,0.0,2.0,2,0,0.0,15.0,0,0,3,10.0,36.0,0.0,0,77.0,0.0,Aug-22
SMP,0.0,0.0,2,8,0.0,34.0,0,1,5,12.0,85.0,1.0,0,67.0,2.0,Aug-22
RPMP,0.0,0.0,1,0,0.0,16.0,1,1,0,15.0,55.0,0.0,0,33.0,0.0,Aug-22
GMP,1.0,3.0,6,0,0.0,28.0,1,1,5,10.0,56.0,6.0,1,98.0,0.0,Aug-22
Dhaka Range,13.0,31.0,59,17,0.0,337.0,15,8,64,143.0,1061.0,22.0,5,856.0,4.0,Aug-22
Mymensingh Range,2.0,4.0,20,8,0.0,238.0,7,4,11,67.0,637.0,2.0,0,345.0,40.0,Aug-22
Chittagong Range,8.0,14.0,47,14,1.0,255.0,5,14,34,93.0,969.0,40.0,6,1094.0,39.0,Aug-22
Sylhet Range,1.0,3.0,17,1,0.0,96.0,1,2,2,47.0,405.0,3.0,0,173.0,21.0,Aug-22
Khulna Range,5.0,6.0,21,3,0.0,168.0,3,1,26,92.0,705.0,8.0,5,644.0,17.0,Aug-22
Barishal Range,2.0,4.0,9,0,0.0,130.0,1,0,15,29.0,329.0,2.0,0,220.0,0.0,Aug-22
Rajshahi Range,2.0,13.0,32,8,0.0,302.0,1,3,14,99.0,713.0,20.0,2,1288.0,47.0,Aug-22
Rangpur Range,3.0,5.0,23,1,0.0,300.0,2,2,19,82.0,806.0,2.0,0,399.0,6.0,Aug-22
Ralway Range,0.0,2.0,0,0,0.0,1.0,0,0,0,22.0,15.0,0.0,0,34.0,2.0,Aug-22
DMP,4.0,15.0,18,14,4.0,173.0,2,4,61,175.0,605.0,6.0,7,1241.0,13.0,Sep-22
CMP,1.0,8.0,6,9,0.0,69.0,1,2,16,26.0,144.0,6.0,0,182.0,1.0,Sep-22
KMP,0.0,2.0,1,1,0.0,20.0,1,0,6,7.0,26.0,1.0,0,83.0,0.0,Sep-22
RMP,0.0,3.0,3,0,0.0,16.0,0,0,3,12.0,54.0,1.0,0,214.0,1.0,Sep-22
BMP,2.0,0.0,1,0,0.0,15.0,0,1,5,9.0,41.0,0.0,0,72.0,0.0,Sep-22
SMP,0.0,0.0,2,6,0.0,32.0,0,1,6,9.0,87.0,0.0,0,57.0,4.0,Sep-22
RPMP,0.0,0.0,0,2,0.0,12.0,0,0,0,12.0,51.0,0.0,0,34.0,0.0,Sep-22
GMP,3.0,1.0,3,4,0.0,35.0,1,2,4,12.0,68.0,4.0,1,88.0,0.0,Sep-22
Dhaka Range,15.0,31.0,67,32,0.0,310.0,7,5,46,128.0,980.0,13.0,6,902.0,5.0,Sep-22
Mymensingh Range,3.0,3.0,23,3,0.0,222.0,7,3,4,50.0,512.0,2.0,0,314.0,53.0,Sep-22
Chittagong Range,11.0,21.0,55,15,2.0,230.0,10,11,40,107.0,804.0,36.0,3,1105.0,49.0,Sep-22
Sylhet Range,2.0,2.0,19,3,0.0,109.0,2,3,8,59.0,343.0,1.0,0,203.0,30.0,Sep-22
Khulna Range,2.0,3.0,22,6,1.0,202.0,1,4,21,101.0,701.0,7.0,3,650.0,31.0,Sep-22
Barishal Range,1.0,2.0,12,1,0.0,111.0,0,1,6,38.0,309.0,4.0,1,228.0,0.0,Sep-22
Rajshahi Range,2.0,12.0,30,4,0.0,247.0,4,7,9,84.0,654.0,21.0,4,1083.0,35.0,Sep-22
Rangpur Range,1.0,4.0,19,2,0.0,277.0,3,1,22,84.0,739.0,1.0,0,389.0,4.0,Sep-22
Ralway Range,0.0,2.0,2,0,0.0,0.0,1,0,0,13.0,14.0,3.0,0,38.0,2.0,Sep-22
DMP,0.0,9.0,13,31,0.0,158.0,6,7,51,119.0,676.0,5.0,14,1240.0,11.0,Oct-22
CMP,0.0,5.0,5,4,0.0,56.0,6,2,13,32.0,146.0,3.0,1,182.0,2.0,Oct-22
KMP,0.0,0.0,1,1,0.0,19.0,1,0,7,4.0,29.0,2.0,0,69.0,0.0,Oct-22
RMP,0.0,5.0,0,0,0.0,17.0,1,1,1,5.0,51.0,2.0,0,218.0,0.0,Oct-22
BMP,0.0,0.0,2,1,0.0,18.0,0,1,6,8.0,41.0,0.0,1,80.0,0.0,Oct-22
SMP,0.0,1.0,0,8,0.0,34.0,1,0,8,6.0,70.0,1.0,0,61.0,10.0,Oct-22
RPMP,0.0,0.0,1,0,0.0,23.0,0,0,0,22.0,48.0,0.0,0,27.0,0.0,Oct-22
GMP,0.0,2.0,6,1,0.0,39.0,6,3,2,19.0,75.0,1.0,1,88.0,2.0,Oct-22
Dhaka Range,9.0,24.0,77,33,0.0,320.0,12,9,41,126.0,1014.0,14.0,2,919.0,3.0,Oct-22
Mymensingh Range,0.0,3.0,30,5,0.0,193.0,6,3,5,46.0,470.0,2.0,0,306.0,34.0,Oct-22
Chittagong Range,16.0,20.0,38,9,0.0,214.0,9,12,42,88.0,932.0,26.0,2,988.0,40.0,Oct-22
Sylhet Range,2.0,2.0,12,4,0.0,89.0,1,4,8,32.0,350.0,1.0,2,175.0,29.0,Oct-22
Khulna Range,7.0,5.0,22,7,0.0,168.0,3,1,21,96.0,676.0,12.0,8,580.0,22.0,Oct-22
Barishal Range,1.0,1.0,11,2,0.0,125.0,1,1,19,23.0,496.0,0.0,0,198.0,0.0,Oct-22
Rajshahi Range,3.0,17.0,35,7,0.0,208.0,2,4,13,75.0,657.0,26.0,3,1128.0,31.0,Oct-22
Rangpur Range,0.0,5.0,22,4,0.0,260.0,6,2,15,64.0,671.0,0.0,0,348.0,10.0,Oct-22
Ralway Range,0.0,3.0,2,0,0.0,1.0,0,1,0,19.0,12.0,5.0,0,33.0,2.0,Oct-22
DMP,2.0,13.0,14,10,3.0,142.0,3,5,51,134.0,630.0,3.0,19,1331.0,9.0,Nov-22
CMP,1.0,5.0,7,2,0.0,42.0,3,I,20,36.0,130.0,2.0,0,213.0,5.0,Nov-22
KMP,0.0,0.0,I,I,0.0,19.0,0,0,3,6.0,26.0,0.0,0,69.0,0.0,Nov-22
RMP,0.0,0.0,0,0,0.0,5.0,0,2,5,7.0,48.0,1.0,I,211.0,0.0,Nov-22
BMP,1.0,0.0,I,2,0.0,11.0,0,0,3,9.0,47.0,0.0,0,88.0,0.0,Nov-22
SMP,0.0,0.0,I,6,0.0,26.0,0,0,7,11.0,71.0,2.0,0,39.0,6.0,Nov-22
RPMP,0.0,0.0,0,0,0.0,13.0,I,0,0,20.0,49.0,0.0,0,27.0,0.0,Nov-22
GMP,1.0,2.0,5,2,0.0,33.0,5,6,2,11.0,80.0,4.0,I,116.0,2.0,Nov-22
Dhaka Range,7.0,30.0,64,22,0.0,260.0,4,14,43,105.0,986.0,17.0,24,944.0,4.0,Nov-22
Mymensingh Range,0.0,2.0,24,3,0.0,159.0,3,2,9,45.0,484.0,3.0,3,382.0,22.0,Nov-22
Chittagong Range,6.0,14.0,38,13,0.0,177.0,8,6,27,66.0,787.0,30.0,5,1077.0,45.0,Nov-22
Sylhet Range,0.0,3.0,16,5,0.0,62.0,2,5,4,51.0,352.0,1.0,0,141.0,21.0,Nov-22
Khulna Range,4.0,7.0,23,5,0.0,163.0,0,3,21,92.0,658.0,9.0,5,626.0,26.0,Nov-22
Barishal Range,1.0,3.0,8,2,0.0,88.0,3,1,8,26.0,307.0,0.0,1,203.0,0.0,Nov-22
Rajshahi Range,5.0,7.0,28,7,0.0,182.0,1,7,14,73.0,691.0,37.0,43,1081.0,32.0,Nov-22
Rangpur Range,1.0,6.0,23,5,0.0,204.0,1,3,20,75.0,727.0,1.0,0,342.0,11.0,Nov-22
Ralway Range,,,,,,,,,,,,,,,,Nov-22
DMP,1.0,14.0,11,10,0.0,105.0,7,10,50,95.0,445.0,3.0,34,961.0,7.0,Dec-22
CMP,0.0,5.0,4,3,0.0,28.0,1,2,13,36.0,116.0,4.0,1,173.0,4.0,Dec-22
KMP,1.0,0.0,4,0,0.0,18.0,0,1,5,4.0,39.0,1.0,0,76.0,0.0,Dec-22
RMP,0.0,0.0,1,0,0.0,16.0,2,0,1,4.0,41.0,0.0,0,206.0,2.0,Dec-22
BMP,0.0,0.0,0,1,0.0,7.0,1,0,4,8.0,38.0,1.0,1,79.0,0.0,Dec-22
SMP,0.0,0.0,0,6,0.0,12.0,0,3,2,6.0,58.0,0.0,0,42.0,12.0,Dec-22
RPMP,0.0,0.0,0,2,0.0,5.0,0,0,0,10.0,40.0,0.0,0,33.0,0.0,Dec-22
GMP,1.0,1.0,6,2,0.0,27.0,2,1,1,10.0,80.0,1.0,3,83.0,1.0,Dec-22
Dhaka Range,10.0,26.0,51,17,1.0,182.0,3,8,27,135.0,813.0,8.0,29,957.0,4.0,Dec-22
Mymensingh Range,1.0,0.0,12,3,0.0,123.0,1,3,14,27.0,0.455,0.0,5,275.0,31.0,Dec-22
Chittagong Range,3.0,13.0,38,8,0.0,155.0,6,15,28,82.0,719.0,33.0,8,1001.0,40.0,Dec-22
Sylhet Range,1.0,2.0,11,0,0.0,58.0,1,3,3,52.0,313.0,1.0,0,160.0,19.0,Dec-22
Khulna Range,0.0,3.0,18,2,0.0,118.0,1,0,9,75.0,566.0,11.0,23,631.0,14.0,Dec-22
Barishal Range,3.0,1.0,5,2,0.0,77.0,3,1,9,28.0,318.0,3.0,18,216.0,3.0,Dec-22
Rajshahi Range,1.0,6.0,20,4,0.0,135.0,4,2,9,59.0,626.0,32.0,8,940.0,21.0,Dec-22
Rangpur Range,1.0,2.0,17,4,0.0,136.0,2,7,14,64.0,681.0,0.0,0,405.0,10.0,Dec-22
Ralway Range,,,,,,,,,,,,,,,,Dec-22
DMP,0.0,19.0,9,23,1.0,122.0,4,4,42,122.0,540.0,7.0,12,1303.0,10.0,Jan-23
CMP,1.0,10.0,5,2,0.0,29.0,3,6,11,29.0,117.0,1.0,2,233.0,2.0,Jan-23
KMP,1.0,0.0,1,0,0.0,24.0,1,0,2,6.0,30.0,2.0,0,87.0,1.0,Jan-23
RMP,0.0,5.0,2,0,0.0,16.0,1,0,2,8.0,49.0,1.0,5,172.0,0.0,Jan-23
BMP,1.0,0.0,0,0,0.0,15.0,0,1,5,13.0,38.0,0.0,0,74.0,0.0,Jan-23
SMP,0.0,2.0,0,5,0.0,10.0,0,0,3,11.0,55.0,0.0,0,47.0,17.0,Jan-23
RPMP,0.0,0.0,0,0,0.0,12.0,0,0,0,18.0,46.0,1.0,0,29.0,0.0,Jan-23
GMP,1.0,2.0,4,4,0.0,26.0,2,3,1,6.0,76.0,1.0,1,78.0,0.0,Jan-23
Dhaka Range,12.0,25.0,48,21,0.0,221.0,5,9,30,117.0,879.0,17.0,0,961.0,8.0,Jan-23
Mymensingh Range,0.0,2.0,14,7,0.0,108.0,1,0,7,44.0,478.0,3.0,7,300.0,37.0,Jan-23
Chittagong Range,6.0,16.0,43,5,0.0,134.0,6,8,36,100.0,693.0,37.0,2,1082.0,50.0,Jan-23
Sylhet Range,0.0,5.0,15,5,0.0,45.0,0,3,1,51.0,334.0,0.0,1,190.0,36.0,Jan-23
Khulna Range,3.0,4.0,15,4,0.0,121.0,2,0,10,76.0,587.0,6.0,1,686.0,18.0,Jan-23
Barishal Range,2.0,2.0,13,3,0.0,78.0,1,2,8,26.0,326.0,2.0,0,248.0,1.0,Jan-23
Rajshahi Range,0.0,11.0,22,4,0.0,146.0,2,0,12,78.0,582.0,29.0,0,1062.0,30.0,Jan-23
Rangpur Range,0.0,3.0,23,1,0.0,157.0,3,0,21,64.0,695.0,0.0,0,389.0,11.0,Jan-23
Ralway Range,0.0,1.0,0,0,0.0,1.0,0,0,0,15.0,9.0,3.0,0,27.0,3.0,Jan-23
DMP,2.0,15.0,18,9,0.0,126.0,2,6,46,108.0,620.0,10.0,10,1139.0,8.0,Feb-23
CMP,0.0,4.0,6,7,0.0,39.0,1,3,5,23.0,127.0,0.0,1,235.0,2.0,Feb-23
KMP,0.0,1.0,0,0,0.0,17.0,0,1,2,3.0,32.0,1.0,1,60.0,0.0,Feb-23
RMP,0.0,2.0,2,0,0.0,19.0,3,0,2,9.0,54.0,1.0,5,134.0,0.0,Feb-23
BMP,1.0,0.0,2,0,0.0,16.0,1,0,5,2.0,37.0,0.0,0,69.0,0.0,Feb-23
SMP,0.0,0.0,3,9,0.0,11.0,0,3,2,14.0,54.0,0.0,0,50.0,6.0,Feb-23
RPMP,0.0,0.0,0,1,0.0,13.0,0,0,0,8.0,53.0,0.0,0,32.0,0.0,Feb-23
GMP,2.0,7.0,4,4,0.0,32.0,1,2,3,13.0,88.0,0.0,1,96.0,2.0,Feb-23
Dhaka Range,9.0,21.0,45,17,0.0,235.0,5,13,29,115.0,917.0,13.0,3,935.0,3.0,Feb-23
Mymensingh Range,0.0,2.0,16,6,0.0,98.0,4,4,4,35.0,543.0,2.0,5,290.0,33.0,Feb-23
Chittagong Range,3.0,12.0,45,10,0.0,142.0,3,9,32,96.0,796.0,36.0,2,920.0,26.0,Feb-23
Sylhet Range,1.0,4.0,8,5,0.0,56.0,2,4,3,48.0,309.0,1.0,0,147.0,37.0,Feb-23
Khulna Range,1.0,10.0,16,19,0.0,109.0,2,4,13,72.0,575.0,17.0,14,676.0,24.0,Feb-23
Barishal Range,1.0,2.0,8,2,0.0,65.0,0,1,9,15.0,313.0,2.0,2,204.0,1.0,Feb-23
Rajshahi Range,1.0,10.0,25,3,0.0,150.0,0,3,5,73.0,659.0,23.0,5,996.0,36.0,Feb-23
Rangpur Range,0.0,2.0,22,3,0.0,166.0,2,3,8,72.0,675.0,0.0,0,374.0,10.0,Feb-23
Ralway Range,0.0,5.0,2,0,0.0,1.0,0,0,0,19.0,21.0,3.0,0,22.0,2.0,Feb-23
DMP,4.0,14.0,12,12,0.0,146.0,2,7,34,126.0,656.0,8.0,8,1233.0,13.0,Mar-23
CMP,0.0,12.0,4,12,0.0,57.0,3,0,13,35.0,159.0,4.0,0,226.0,3.0,Mar-23
KMP,0.0,1.0,1,0,0.0,23.0,0,0,5,11.0,31.0,1.0,1,76.0,2.0,Mar-23
RMP,0.0,7.0,1,0,0.0,16.0,1,1,2,11.0,53.0,2.0,3,110.0,0.0,Mar-23
BMP,0.0,3.0,1,2,0.0,13.0,0,0,4,7.0,47.0,1.0,0,74.0,1.0,Mar-23
SMP,0.0,3.0,2,11,0.0,19.0,0,1,7,19.0,66.0,0.0,0,42.0,11.0,Mar-23
RPMP,0.0,0.0,0,2,0.0,14.0,0,0,0,12.0,53.0,0.0,0,30.0,0.0,Mar-23
GMP,2.0,1.0,8,3,0.0,23.0,3,3,1,4.0,75.0,0.0,1,85.0,2.0,Mar-23
Dhaka Range,12.0,22.0,54,18,0.0,293.0,2,9,38,118.0,1113.0,24.0,0,1041.0,3.0,Mar-23
Mymensingh Range,1.0,1.0,20,4,0.0,144.0,4,1,3,42.0,526.0,1.0,3,313.0,25.0,Mar-23
Chittagong Range,4.0,21.0,54,10,0.0,170.0,11,6,24,63.0,927.0,38.0,1,1081.0,55.0,Mar-23
Sylhet Range,2.0,2.0,21,1,0.0,53.0,2,2,7,66.0,418.0,1.0,0,180.0,24.0,Mar-23
Khulna Range,1.0,7.0,22,12,0.0,168.0,2,3,16,83.0,738.0,7.0,1,705.0,17.0,Mar-23
Barishal Range,1.0,3.0,13,4,0.0,92.0,0,5,10,34.0,364.0,1.0,0,201.0,0.0,Mar-23
Rajshahi Range,2.0,9.0,26,6,0.0,209.0,2,3,10,90.0,684.0,37.0,4,1133.0,51.0,Mar-23
Rangpur Range,1.0,4.0,27,2,0.0,212.0,5,6,11,59.0,760.0,2.0,7,424.0,7.0,Mar-23
Ralway Range,0.0,1.0,2,0,0.0,0.0,1,0,0,17.0,15.0,1.0,0,22.0,3.0,Mar-23
DMP,4.0,13.0,12,11,0.0,133.0,9,5,54,130.0,527.0,2.0,6,969.0,13.0,Apr-23
CMP,0.0,10.0,5,12,0.0,50.0,4,0,15,36.0,175.0,2.0,1,208.0,5.0,Apr-23
KMP,0.0,1.0,2,0,0.0,24.0,0,0,5,5.0,33.0,0.0,0,58.0,0.0,Apr-23
RMP,0.0,4.0,1,0,0.0,25.0,0,4,3,5.0,43.0,1.0,0,94.0,1.0,Apr-23
BMP,0.0,0.0,3,0,0.0,15.0,0,0,4,5.0,48.0,0.0,0,68.0,0.0,Apr-23
SMP,0.0,0.0,1,14,0.0,19.0,0,1,5,16.0,87.0,0.0,0,49.0,9.0,Apr-23
RPMP,0.0,0.0,2,3,0.0,7.0,0,1,0,10.0,51.0,0.0,0,24.0,0.0,Apr-23
GMP,1.0,5.0,7,0,0.0,21.0,2,1,0,9.0,70.0,1.0,1,76.0,0.0,Apr-23
Dhaka Range,6.0,35.0,68,27,0.0,276.0,4,7,23,113.0,1208.0,22.0,1,949.0,5.0,Apr-23
Mymensingh Range,0.0,3.0,25,10,0.0,103.0,2,0,3,44.0,684.0,4.0,3,291.0,35.0,Apr-23
Chittagong Range,4.0,18.0,56,6,0.0,165.0,3,8,31,77.0,1064.0,49.0,1,908.0,36.0,Apr-23
Sylhet Range,0.0,6.0,33,1,0.0,53.0,2,4,1,59.0,493.0,1.0,0,152.0,17.0,Apr-23
Khulna Range,3.0,9.0,22,8,0.0,122.0,5,1,12,94.0,745.0,5.0,3,610.0,20.0,Apr-23
Barishal Range,1.0,2.0,10,1,0.0,72.0,2,4,6,21.0,435.0,1.0,1,191.0,0.0,Apr-23
Rajshahi Range,1.0,10.0,28,13,0.0,166.0,3,1,7,74.0,786.0,30.0,6,889.0,29.0,Apr-23
Rangpur Range,0.0,0.0,21,3,0.0,197.0,3,2,14,67.0,880.0,0.0,0,403.0,9.0,Apr-23
Ralway Range,0.0,2.0,0,0,0.0,0.0,0,0,0,11.0,8.0,1.0,0,18.0,1.0,Apr-23
DMP,4.0,11.0,9,15,3.0,158.0,6,6,45,124.0,682.0,4.0,11,1155.0,9.0,May-23
CMP,1.0,12.0,4,8,0.0,56.0,2,3,11,41.0,156.0,4.0,0,227.0,4.0,May-23
KMP,1.0,0.0,0,2,0.0,32.0,0,0,8,9.0,35.0,0.0,0,61.0,0.0,May-23
RMP,0.0,6.0,0,0,0.0,15.0,1,5,4,8.0,63.0,2.0,10,118.0,0.0,May-23
BMP,1.0,0.0,1,1,0.0,21.0,0,0,5,7.0,47.0,0.0,1,66.0,0.0,May-23
SMP,0.0,1.0,0,12,0.0,28.0,1,3,3,19.0,78.0,1.0,0,49.0,12.0,May-23
RPMP,0.0,0.0,3,1,0.0,9.0,0,0,0,11.0,46.0,0.0,0,32.0,0.0,May-23
GMP,0.0,2.0,9,0,0.0,17.0,0,0,3,4.0,50.0,0.0,0,61.0,0.0,May-23
Dhaka Range,13.0,17.0,67,16,0.0,366.0,10,11,34,99.0,1164.0,26.0,2,1122.0,1.0,May-23
Mymensingh Range,0.0,2.0,14,10,0.0,153.0,8,0,6,57.0,615.0,3.0,8,340.0,23.0,May-23
Chittagong Range,6.0,19.0,42,7,0.0,214.0,12,12,34,89.0,1104.0,45.0,1,1052.0,37.0,May-23
Sylhet Range,1.0,2.0,15,3,0.0,84.0,0,1,4,57.0,434.0,2.0,0,178.0,38.0,May-23
Khulna Range,1.0,7.0,25,9,0.0,170.0,4,1,16,83.0,756.0,7.0,2,683.0,17.0,May-23
Barishal Range,1.0,2.0,13,1,0.0,109.0,0,3,8,28.0,446.0,5.0,0,242.0,0.0,May-23
Rajshahi Range,3.0,12.0,23,10,0.0,227.0,2,5,6,83.0,738.0,50.0,5,999.0,34.0,May-23
Rangpur Range,3.0,1.0,21,2,0.0,207.0,3,5,9,73.0,867.0,2.0,0,420.0,10.0,May-23
Ralway Range,0.0,1.0,0,2,0.0,1.0,0,0,0,15.0,6.0,0.0,0,22.0,1.0,May-23
DMP,4.0,25.0,24,16,0.0,136.0,7,8,36,134.0,627.0,3.0,3,1066.0,6.0,Jun-23
CMP,0.0,9.0,5,8,0.0,40.0,1,0,15,36.0,147.0,2.0,0,202.0,6.0,Jun-23
KMP,0.0,2.0,2,1,0.0,26.0,0,0,6,7.0,34.0,0.0,0,45.0,0.0,Jun-23
RMP,0.0,1.0,1,0,0.0,16.0,2,0,3,3.0,44.0,1.0,0,51.0,1.0,Jun-23
BMP,0.0,0.0,2,1,0.0,11.0,0,0,5,5.0,47.0,0.0,0,53.0,0.0,Jun-23
SMP,0.0,0.0,5,13,0.0,13.0,0,3,4,10.0,67.0,0.0,0,32.0,3.0,Jun-23
RPMP,0.0,0.0,0,0,0.0,13.0,0,0,0,8.0,44.0,0.0,0,32.0,1.0,Jun-23
GMP,1.0,3.0,10,0,0.0,22.0,3,1,2,7.0,94.0,0.0,0,81.0,1.0,Jun-23
Dhaka Range,11.0,24.0,54,22,0.0,334.0,10,5,35,136.0,10.0,10.0,0,970.0,6.0,Jun-23
Mymensingh Range,0.0,-1.0,11,8,0.0,174.0,-1,2,8,48.0,497.0,9.0,4,303.0,42.0,Jun-23
Chittagong Range,2.0,16.0,60,7,0.0,184.0,9,9,32,94.0,1027.0,36.0,3,975.0,32.0,Jun-23
Sylhet Range,0.0,0.0,17,5,0.0,67.0,1,4,3,63.0,363.0,0.0,0,116.0,29.0,Jun-23
Khulna Range,5.0,5.0,26,8,0.0,197.0,2,4,13,80.0,735.0,12.0,2,689.0,14.0,Jun-23
Barishal Range,1.0,3.0,3,4,0.0,138.0,0,2,11,33.0,360.0,2.0,1,204.0,0.0,Jun-23
Rajshahi Range,1.0,9.0,26,8,0.0,208.0,4,2,4,74.0,777.0,28.0,5,935.0,37.0,Jun-23
Rangpur Range,2.0,6.0,25,3,0.0,251.0,1,2,16,77.0,793.0,0.0,0,329.0,9.0,Jun-23
Ralway Range,0.0,1.0,1,0,0.0,0.0,0,0,0,16.0,13.0,1.0,0,12.0,0.0,Jun-23
DMP,6.0,12.0,19,33,2.0,134.0,2,12,48,103.0,728.0,5.0,10,1143.0,9.0,Jul-23
CMP,1.0,12.0,2,6,0.0,53.0,6,2,13,20.0,111.0,1.0,0,196.0,2.0,Jul-23
KMP,1.0,0.0,5,0,0.0,29.0,0,0,7,16.0,47.0,0.0,0,71.0,0.0,Jul-23
RMP,0.0,3.0,3,0,0.0,11.0,0,0,3,14.0,41.0,0.0,2,102.0,0.0,Jul-23
BMP,0.0,1.0,3,2,0.0,22.0,0,0,3,5.0,60.0,0.0,0,86.0,0.0,Jul-23
SMP,0.0,1.0,0,10,0.0,16.0,1,0,5,13.0,74.0,1.0,0,53.0,13.0,Jul-23
RPMP,0.0,0.0,0,0,0.0,13.0,2,1,0,8.0,41.0,3.0,0,63.0,0.0,Jul-23
GMP,2.0,6.0,14,0,0.0,26.0,6,0,4,12.0,66.0,2.0,0,86.0,0.0,Jul-23
Dhaka Range,15.0,15.0,58,20,0.0,318.0,3,10,41,126.0,1117.0,14.0,3,1063.0,1.0,Jul-23
Mymensingh Range,0.0,4.0,19,2,0.0,172.0,4,2,5,44.0,523.0,2.0,2,296.0,40.0,Jul-23
Chittagong Range,7.0,15.0,63,6,0.0,202.0,7,9,48,96.0,1044.0,34.0,15,1079.0,27.0,Jul-23
Sylhet Range,0.0,4.0,23,4,0.0,56.0,1,2,2,41.0,357.0,1.0,0,152.0,38.0,Jul-23
Khulna Range,2.0,4.0,27,3,1.0,148.0,1,0,20,89.0,693.0,10.0,3,714.0,13.0,Jul-23
Barishal Range,2.0,1.0,5,1,0.0,123.0,2,4,14,29.0,399.0,2.0,3,237.0,1.0,Jul-23
Rajshahi Range,1.0,10.0,25,6,0.0,228.0,2,3,12,90.0,833.0,50.0,5,1134.0,41.0,Jul-23
Rangpur Range,2.0,3.0,28,1,0.0,242.0,2,2,14,82.0,918.0,1.0,0,375.0,6.0,Jul-23
Ralway Range,0.0,3.0,2,0,0.0,1.0,0,0,0,14.0,14.0,1.0,0,13.0,1.0,Jul-23
DMP,1.0,13.0,10,18,0.0,157.0,8,9,53,153.0,704.0,3.0,0,1184.0,14.0,Aug-23
CMP,0.0,10.0,2,9,0.0,49.0,3,3,21,48.0,117.0,5.0,1,229.0,6.0,Aug-23
KMP,0.0,0.0,2,2,0.0,26.0,0,1,7,9.0,39.0,5.0,0,113.0,0.0,Aug-23
RMP,0.0,1.0,1,0,0.0,19.0,4,0,5,14.0,52.0,1.0,6,127.0,1.0,Aug-23
BMP,1.0,0.0,2,0,0.0,17.0,0,0,6,5.0,44.0,0.0,1,78.0,0.0,Aug-23
SMP,0.0,1.0,1,10,0.0,19.0,0,3,6,13.0,67.0,0.0,1,35.0,20.0,Aug-23
RPMP,0.0,0.0,0,0,0.0,11.0,0,1,0,9.0,55.0,1.0,0,66.0,0.0,Aug-23
GMP,2.0,7.0,7,0,0.0,40.0,2,1,4,19.0,94.0,2.0,0,113.0,1.0,Aug-23
Dhaka Range,8.0,20.0,55,19,0.0,298.0,4,5,42,117.0,1082.0,10.0,5,1124.0,3.0,Aug-23
Mymensingh Range,0.0,0.0,13,7,0.0,204.0,1,,6,64.0,528.0,0.0,26,251.0,37.0,Aug-23
Chittagong Range,3.0,22.0,50,1,0.0,173.0,9,15,39,102.0,942.0,39.0,0,1059.0,25.0,Aug-23
Sylhet Range,2.0,1.0,14,3,0.0,79.0,3,1,4,52.0,320.0,2.0,1,131.0,91.0,Aug-23
Khulna Range,2.0,6.0,24,4,0.0,164.0,2,2,25,77.0,631.0,12.0,2,708.0,20.0,Aug-23
Barishal Range,1.0,4.0,11,3,0.0,142.0,0,1,16,28.0,355.0,2.0,0,228.0,0.0,Aug-23
Rajshahi Range,1.0,16.0,38,10,0.0,218.0,4,1,19,89.0,729.0,48.0,5,1092.0,49.0,Aug-23
Rangpur Range,0.0,1.0,20,4,0.0,234.0,0,0,16,76.0,826.0,1.0,0,536.0,7.0,Aug-23
Ralway Range,1.0,2.0,3,0,0.0,1.0,0,0,0,14.0,7.0,2.0,0,16.0,0.0,Aug-23
DMP,0.0,20.0,12,9,2.0,141.0,3,5,53,124.0,624.0,5.0,5,1141.0,16.0,Sep-23
CMP,0.0,12.0,6,11,0.0,33.0,4,1,15,37.0,143.0,2.0,0,199.0,4.0,Sep-23
KMP,0.0,0.0,1,0,0.0,39.0,1,0,1,8.0,34.0,4.0,0,92.0,0.0,Sep-23
RMP,0.0,3.0,2,0,0.0,12.0,1,0,6,14.0,45.0,2.0,2,77.0,0.0,Sep-23
BMP,0.0,1.0,0,3,0.0,15.0,0,1,7,7.0,41.0,0.0,1,94.0,0.0,Sep-23
SMP,2.0,1.0,2,12,0.0,17.0,1,4,3,17.0,58.0,0.0,0,41.0,15.0,Sep-23
RPMP,0.0,0.0,1,0,0.0,10.0,0,0,0,9.0,37.0,0.0,0,42.0,1.0,Sep-23
GMP,0.0,3.0,11,0,0.0,27.0,5,3,3,9.0,72.0,1.0,0,103.0,1.0,Sep-23
Dhaka Range,12.0,19.0,54,26,0.0,275.0,8,8,39,112.0,975.0,7.0,8,1016.0,8.0,Sep-23
Mymensingh Range,0.0,3.0,15,2,0.0,189.0,4,1,8,38.0,497.0,1.0,19,260.0,46.0,Sep-23
Chittagong Range,3.0,15.0,52,6,0.0,185.0,9,7,30,107.0,845.0,49.0,2,1007.0,40.0,Sep-23
Sylhet Range,1.0,5.0,14,3,0.0,62.0,0,4,6,42.0,290.0,1.0,0,139.0,96.0,Sep-23
Khulna Range,1.0,4.0,15,6,0.0,154.0,3,5,13,86.0,561.0,11.0,4,806.0,16.0,Sep-23
Barishal Range,1.0,3.0,12,5,0.0,130.0,1,1,15,23.0,338.0,4.0,2,196.0,2.0,Sep-23
Rajshahi Range,1.0,12.0,23,14,0.0,214.0,6,2,12,93.0,683.0,42.0,3,1035.0,53.0,Sep-23
Rangpur Range,0.0,3.0,16,2,0.0,194.0,4,5,19,81.0,723.0,3.0,0,453.0,9.0,Sep-23
Ralway Range,0.0,2.0,2,0,0.0,2.0,0,1,0,23.0,4.0,0.0,0,20.0,0.0,Sep-23
DMP,3.0,20.0,19,8,7.0,128.0,6,11,38,136.0,682.0,6.0,17,844.0,13.0,Oct-23
CMP,0.0,2.0,1,3,0.0,41.0,2,2,14,29.0,124.0,3.0,1,207.0,1.0,Oct-23
KMP,0.0,1.0,2,2,0.0,30.0,0,0,5,8.0,48.0,5.0,0,137.0,0.0,Oct-23
RMP,0.0,3.0,4,0,0.0,14.0,4,2,3,15.0,53.0,4.0,6,123.0,1.0,Oct-23
BMP,0.0,0.0,0,1,0.0,16.0,0,0,2,6.0,59.0,1.0,0,71.0,0.0,Oct-23
SMP,0.0,0.0,1,7,1.0,22.0,0,3,6,20.0,64.0,0.0,0,30.0,8.0,Oct-23
RPMP,0.0,0.0,2,0,0.0,13.0,0,0,0,14.0,48.0,2.0,0,52.0,0.0,Oct-23
GMP,1.0,2.0,9,2,0.0,26.0,5,2,3,13.0,85.0,0.0,0,118.0,2.0,Oct-23
Dhaka Range,7.0,28.0,54,19,0.0,221.0,5,12,47,113.0,1012.0,9.0,34,812.0,0.0,Oct-23
Mymensingh Range,0.0,1.0,19,3,0.0,197.0,3,0,13,49.0,408.0,0.0,12,211.0,45.0,Oct-23
Chittagong Range,1.0,23.0,50,1,2.0,160.0,10,27,44,114.0,993.0,47.0,18,882.0,29.0,Oct-23
Sylhet Range,1.0,2.0,10,5,0.0,55.0,1,8,5,60.0,317.0,0.0,1,98.0,71.0,Oct-23
Khulna Range,2.0,3.0,22,3,0.0,150.0,5,0,9,82.0,615.0,9.0,13,668.0,15.0,Oct-23
Barishal Range,5.0,2.0,10,4,0.0,131.0,1,2,11,22.0,493.0,2.0,7,187.0,0.0,Oct-23
Rajshahi Range,2.0,13.0,34,3,0.0,202.0,3,3,11,90.0,657.0,38.0,44,989.0,34.0,Oct-23
Rangpur Range,0.0,3.0,20,4,0.0,214.0,3,5,13,73.0,636.0,2.0,3,434.0,5.0,Oct-23
Ralway Range,0.0,3.0,1,0,2.0,1.0,0,0,0,24.0,6.0,1.0,0,16.0,0.0,Oct-23
DMP,2.0,14.0,17,19,5.0,118.0,2,5,56,121.0,555.0,2.0,26,661.0,11.0,Nov-23
CMP,0.0,2.0,6,3,0.0,42.0,3,3,8,29.0,122.0,2.0,1,177.0,0.0,Nov-23
KMP,0.0,1.0,1,0,0.0,10.0,1,1,3,17.0,37.0,0.0,0,93.0,0.0,Nov-23
RMP,0.0,2.0,1,0,1.0,13.0,0,8,7,11.0,55.0,4.0,16,94.0,1.0,Nov-23
BMP,0.0,1.0,1,1,1.0,19.0,0,0,1,2.0,43.0,0.0,1,58.0,0.0,Nov-23
SMP,0.0,2.0,2,4,0.0,16.0,0,6,3,15.0,71.0,0.0,8,28.0,5.0,Nov-23
RPMP,0.0,0.0,0,1,0.0,9.0,2,0,0,10.0,47.0,0.0,0,33.0,0.0,Nov-23
GMP,0.0,2.0,4,0,0.0,22.0,2,5,4,10.0,75.0,0.0,10,58.0,0.0,Nov-23
Dhaka Range,14.0,19.0,51,26,0.0,258.0,10,15,34,93.0,922.0,8.0,23,666.0,6.0,Nov-23
Mymensingh Range,0.0,2.0,10,3,0.0,144.0,3,1,10,37.0,408.0,3.0,8,164.0,28.0,Nov-23
Chittagong Range,3.0,14.0,54,7,0.0,125.0,8,17,34,84.0,821.0,50.0,41,707.0,25.0,Nov-23
Sylhet Range,2.0,3.0,6,3,0.0,51.0,0,3,2,44.0,290.0,1.0,6,90.0,45.0,Nov-23
Khulna Range,0.0,6.0,16,6,0.0,113.0,1,1,14,51.0,540.0,10.0,21,529.0,18.0,Nov-23
Barishal Range,2.0,1.0,9,5,0.0,119.0,0,1,14,11.0,338.0,6.0,20,163.0,0.0,Nov-23
Rajshahi Range,2.0,5.0,26,10,0.0,178.0,1,7,4,57.0,597.0,21.0,51,793.0,28.0,Nov-23
Rangpur Range,0.0,3.0,22,1,0.0,189.0,0,6,11,55.0,675.0,1.0,3,376.0,10.0,Nov-23
Ralway Range,0.0,2.0,1,0,0.0,0.0,0,0,0,17.0,25.0,2.0,0,14.0,0.0,Nov-23
DMP,4.0,23.0,4,16,0.0,103.0,10,5,42,130.0,584.0,3.0,19,951.0,13.0,Dec-23
CMP,0.0,10.0,7,5,0.0,24.0,0,2,10,44.0,109.0,4.0,1,248.0,1.0,Dec-23
KMP,0.0,0.0,0,2,0.0,16.0,0,0,4,11.0,28.0,4.0,0,137.0,0.0,Dec-23
RMP,0.0,2.0,2,1,0.0,14.0,0,2,2,8.0,42.0,2.0,2,193.0,1.0,Dec-23
BMP,0.0,0.0,1,1,0.0,17.0,0,0,3,8.0,32.0,0.0,0,42.0,0.0,Dec-23
SMP,0.0,0.0,1,1,0.0,17.0,0,1,4,15.0,54.0,0.0,0,39.0,7.0,Dec-23
RPMP,0.0,0.0,0,0,0.0,8.0,0,1,0,4.0,36.0,0.0,2,70.0,0.0,Dec-23
GMP,2.0,4.0,7,3,0.0,37.0,0,1,8,9.0,71.0,0.0,0,103.0,0.0,Dec-23
Dhaka Range,11.0,18.0,62,17,0.0,196.0,4,11,37,91.0,905.0,7.0,5,801.0,4.0,Dec-23
Mymensingh Range,0.0,3.0,20,4,0.0,112.0,1,0,5,45.0,369.0,1.0,1,163.0,27.0,Dec-23
Chittagong Range,6.0,21.0,53,5,0.0,166.0,4,5,38,93.0,778.0,61.0,8,873.0,26.0,Dec-23
Sylhet Range,2.0,4.0,10,0,0.0,42.0,3,2,4,46.0,279.0,1.0,0,104.0,26.0,Dec-23
Khulna Range,0.0,2.0,11,5,0.0,82.0,1,2,12,53.0,534.0,7.0,1,597.0,9.0,Dec-23
Barishal Range,1.0,3.0,9,8,0.0,102.0,2,1,9,25.0,345.0,3.0,0,186.0,0.0,Dec-23
Rajshahi Range,2.0,4.0,24,6,0.0,143.0,2,3,8,61.0,651.0,22.0,19,997.0,22.0,Dec-23
Rangpur Range,2.0,6.0,22,3,0.0,114.0,2,1,14,47.0,783.0,0.0,1,415.0,6.0,Dec-23
Ralway Range,0.0,5.0,0,0,0.0,0.0,0,0,0,12.0,14.0,1.0,1,25.0,1.0,Dec-23
DMP,1.0,25.0,11,18,0.0,110.0,8,5,63,141.0,458.0,5.0,6,865.0,9.0,Jan-24
CMP,0.0,5.0,5,6,1.0,30.0,4,0,15,31.0,128.0,4.0,0,191.0,2.0,Jan-24
KMP,0.0,1.0,2,2,0.0,3.0,0,0,3,8.0,28.0,3.0,0,125.0,1.0,Jan-24
RMP,0.0,4.0,1,2,0.0,8.0,0,1,2,6.0,53.0,1.0,1,163.0,0.0,Jan-24
BMP,0.0,2.0,1,6,0.0,12.0,1,1,2,5.0,42.0,1.0,0,48.0,0.0,Jan-24
SMP,1.0,1.0,1,3,0.0,12.0,0,1,5,9.0,52.0,2.0,0,42.0,9.0,Jan-24
RPMP,0.0,0.0,1,1,0.0,4.0,5,0,0,6.0,28.0,0.0,0,71.0,1.0,Jan-24
GMP,4.0,1.0,11,4,0.0,22.0,5,2,5,5.0,90.0,0.0,1,87.0,0.0,Jan-24
Dhaka Range,13.0,29.0,59,7,0.0,194.0,6,10,38,93.0,893.0,10.0,3,824.0,1.0,Jan-24
Mymensingh Range,0.0,4.0,14,9,0.0,84.0,4,6,7,42.0,404.0,1.0,0,234.0,27.0,Jan-24
Chittagong Range,5.0,16.0,34,9,0.0,128.0,9,10,27,115.0,800.0,52.0,8,795.0,26.0,Jan-24
Sylhet Range,1.0,7.0,15,5,0.0,22.0,1,1,6,55.0,284.0,1.0,0,89.0,23.0,Jan-24
Khulna Range,0.0,5.0,23,4,0.0,71.0,1,2,15,59.0,559.0,9.0,7,561.0,8.0,Jan-24
Barishal Range,1.0,0.0,15,7,0.0,95.0,2,0,23,25.0,369.0,3.0,0,179.0,1.0,Jan-24
Rajshahi Range,1.0,11.0,26,8,0.0,130.0,1,3,4,77.0,719.0,29.0,17,867.0,20.0,Jan-24
Rangpur Range,2.0,2.0,11,1,0.0,117.0,4,1,13,60.0,655.0,0.0,0,436.0,5.0,Jan-24
Ralway Range,0.0,1.0,1,0,0.0,1.0,0,0,0,12.0,11.0,0.0,0,15.0,0.0,Jan-24
DMP,2.0,26.0,4,21,0.0,114.0,9,4,51,134.0,576.0,5.0,1,800.0,22.0,Feb-24
CMP,2.0,11.0,4,13,0.0,35.0,3,2,15,31.0,167.0,5.0,0,228.0,3.0,Feb-24
KMP,1.0,0.0,0,0,0.0,11.0,0,1,7,14.0,36.0,3.0,0,148.0,0.0,Feb-24
RMP,1.0,2.0,0,3,0.0,15.0,1,0,6,17.0,52.0,0.0,0,138.0,0.0,Feb-24
BMP,0.0,0.0,0,3,0.0,10.0,1,1,6,10.0,48.0,0.0,0,46.0,2.0,Feb-24
SMP,1.0,0.0,0,6,0.0,22.0,0,1,2,9.0,62.0,0.0,0,30.0,8.0,Feb-24
RPMP,0.0,1.0,1,0,0.0,8.0,1,0,0,12.0,33.0,1.0,0,61.0,0.0,Feb-24
GMP,1.0,6.0,10,0,0.0,32.0,1,1,9,8.0,83.0,2.0,1,105.0,1.0,Feb-24
Dhaka Range,9.0,27.0,54,23,0.0,252.0,10,9,32,115.0,981.0,12.0,1,1002.0,5.0,Feb-24
Mymensingh Range,0.0,4.0,14,1,0.0,124.0,1,1,5,39.0,444.0,0.0,0,294.0,21.0,Feb-24
Chittagong Range,5.0,15.0,52,9,0.0,156.0,5,7,26,121.0,924.0,47.0,1,791.0,21.0,Feb-24
Sylhet Range,5.0,4.0,25,3,0.0,57.0,0,3,5,54.0,313.0,1.0,0,122.0,33.0,Feb-24
Khulna Range,1.0,8.0,19,10,2.0,104.0,3,4,17,61.0,595.0,15.0,1,686.0,10.0,Feb-24
Barishal Range,1.0,4.0,12,6,0.0,133.0,1,1,13,35.0,372.0,0.0,1,187.0,0.0,Feb-24
Rajshahi Range,1.0,9.0,23,7,0.0,164.0,5,1,9,77.0,729.0,37.0,4,986.0,16.0,Feb-24
Rangpur Range,3.0,3.0,17,3,0.0,134.0,2,1,17,71.0,692.0,0.0,0,434.0,5.0,Feb-24
Ralway Range,0.0,1.0,5,0,0.0,0.0,0,0,0,12.0,25.0,1.0,0,18.0,1.0,Feb-24
DMP,1.0,28.0,18,28,0.0,127.0,7,2,53,163.0,798.0,8.0,1,835.0,22.0,Mar-24
CMP,0.0,11.0,6,8,0.0,33.0,4,2,13,34.0,172.0,5.0,0,164.0,9.0,Mar-24
KMP,0.0,2.0,0,0,0.0,11.0,1,1,5,14.0,39.0,0.0,0,138.0,0.0,Mar-24
RMP,0.0,0.0,0,0,0.0,11.0,2,2,4,13.0,59.0,0.0,0,145.0,0.0,Mar-24
BMP,0.0,0.0,0,4,0.0,11.0,0,1,5,6.0,72.0,0.0,0,53.0,1.0,Mar-24
SMP,0.0,1.0,3,6,0.0,17.0,1,1,8,8.0,67.0,0.0,0,35.0,10.0,Mar-24
RPMP,0.0,0.0,0,0,0.0,7.0,3,0,0,8.0,50.0,1.0,0,57.0,0.0,Mar-24
GMP,2.0,5.0,1,1,0.0,23.0,4,0,7,18.0,110.0,0.0,0,104.0,2.0,Mar-24
Dhaka Range,11.0,32.0,60,23,2.0,247.0,3,8,39,108.0,1179.0,12.0,10,1007.0,1.0,Mar-24
Mymensingh Range,0.0,2.0,23,2,0.0,115.0,3,2,3,55.0,525.0,1.0,0,275.0,27.0,Mar-24
Chittagong Range,6.0,30.0,33,8,4.0,151.0,11,5,29,122.0,1208.0,50.0,2,775.0,29.0,Mar-24
Sylhet Range,2.0,4.0,17,2,0.0,58.0,1,7,10,54.0,395.0,1.0,0,100.0,46.0,Mar-24
Khulna Range,0.0,7.0,17,9,0.0,139.0,1,0,17,73.0,672.0,10.0,5,666.0,13.0,Mar-24
Barishal Range,2.0,2.0,15,11,0.0,150.0,0,2,10,26.0,507.0,1.0,2,215.0,0.0,Mar-24
Rajshahi Range,1.0,6.0,25,4,0.0,205.0,5,6,5,87.0,874.0,38.0,4,1161.0,28.0,Mar-24
Rangpur Range,0.0,7.0,20,4,0.0,203.0,5,4,9,63.0,703.0,1.0,0,535.0,4.0,Mar-24
Ralway Range,0.0,1.0,1,0,0.0,1.0,0,0,0,13.0,14.0,0.0,0,24.0,0.0,Mar-24
DMP,3.0,15.0,14,24,0.0,149.0,4,4,69,140.0,628.0,4.0,2,623.0,6.0,Apr-24
CMP,0.0,12.0,9,4,0.0,37.0,4,3,12,37.0,149.0,1.0,0,132.0,10.0,Apr-24
KMP,0.0,0.0,1,1,0.0,6.0,1,2,6,10.0,44.0,1.0,2,119.0,2.0,Apr-24
RMP,0.0,2.0,0,0,0.0,21.0,0,2,0,14.0,58.0,0.0,0,141.0,2.0,Apr-24
BMP,0.0,2.0,2,2,0.0,23.0,0,2,7,10.0,76.0,0.0,0,45.0,0.0,Apr-24
SMP,0.0,0.0,2,5,0.0,17.0,0,3,6,11.0,70.0,0.0,0,35.0,13.0,Apr-24
RPMP,0.0,0.0,2,3,0.0,9.0,5,1,0,9.0,49.0,0.0,0,38.0,0.0,Apr-24
GMP,0.0,5.0,5,4,0.0,30.0,4,2,12,12.0,82.0,1.0,0,92.0,0.0,Apr-24
Dhaka Range,13.0,18.0,75,24,0.0,281.0,9,18,25,103.0,1263.0,6.0,4,826.0,2.0,Apr-24
Mymensingh Range,0.0,2.0,30,8,0.0,108.0,2,4,3,42.0,579.0,1.0,0,285.0,39.0,Apr-24
Chittagong Range,10.0,24.0,54,4,3.0,194.0,13,13,34,128.0,1256.0,49.0,0,623.0,13.0,Apr-24
Sylhet Range,0.0,2.0,23,8,0.0,59.0,1,4,9,53.0,461.0,1.0,0,84.0,30.0,Apr-24
Khulna Range,2.0,2.0,18,14,0.0,129.0,3,4,9,58.0,744.0,11.0,3,618.0,14.0,Apr-24
Barishal Range,0.0,3.0,11,5,0.0,130.0,1,2,9,28.0,565.0,1.0,0,176.0,2.0,Apr-24
Rajshahi Range,0.0,7.0,20,11,0.0,218.0,4,9,7,78.0,955.0,40.0,6,982.0,41.0,Apr-24
Rangpur Range,1.0,2.0,30,3,0.0,211.0,4,6,12,73.0,894.0,1.0,0,432.0,8.0,Apr-24
Ralway Range,0.0,1.0,0,0,0.0,1.0,0,0,0,6.0,32.0,0.0,0,13.0,0.0,Apr-24
DMP,2.0,19.0,16,23,0.0,172.0,7,10,65,194.0,654.0,2.0,5,738.0,19.0,May-24
CMP,1.0,7.0,7,2,0.0,57.0,4,1,18,29.0,142.0,1.0,1,179.0,5.0,May-24
KMP,0.0,1.0,4,0,0.0,25.0,0,0,1,10.0,46.0,2.0,0,126.0,2.0,May-24
RMP,0.0,6.0,1,1,0.0,17.0,3,1,5,12.0,61.0,0.0,0,141.0,0.0,May-24
BMP,0.0,0.0,2,0,0.0,17.0,1,0,5,4.0,76.0,0.0,0,50.0,0.0,May-24
SMP,1.0,0.0,2,4,0.0,20.0,2,0,7,8.0,64.0,0.0,0,46.0,11.0,May-24
RPMP,0.0,0.0,1,1,0.0,9.0,4,0,0,3.0,43.0,0.0,0,67.0,1.0,May-24
GMP,4.0,5.0,8,0,0.0,31.0,2,1,3,17.0,101.0,1.0,0,124.0,0.0,May-24
Dhaka Range,11.0,29.0,51,19,0.0,323.0,7,7,39,88.0,1183.0,12.0,5,887.0,7.0,May-24
Mymensingh Range,0.0,4.0,19,5,0.0,122.0,2,3,6,39.0,415.0,3.0,0,252.0,32.0,May-24
Chittagong Range,4.0,14.0,53,13,0.0,181.0,4,6,28,88.0,1039.0,45.0,0,665.0,31.0,May-24
Sylhet Range,2.0,3.0,15,3,0.0,57.0,0,3,9,33.0,359.0,4.0,1,114.0,26.0,May-24
Khulna Range,2.0,6.0,32,7,0.0,134.0,2,2,14,48.0,729.0,4.0,4,555.0,6.0,May-24
Barishal Range,0.0,1.0,8,11,0.0,152.0,0,2,7,17.0,434.0,2.0,2,151.0,0.0,May-24
Rajshahi Range,3.0,13.0,21,5,0.0,227.0,8,6,2,67.0,861.0,34.0,0,892.0,30.0,May-24
Rangpur Range,1.0,2.0,19,3,0.0,222.0,4,1,10,56.0,715.0,0.0,0,449.0,9.0,May-24
Ralway Range,0.0,5.0,0,1,0.0,1.0,0,0,0,13.0,23.0,2.0,0,11.0,2.0,May-24
DMP,3.0,16.0,13,26,0.0,147.0,3,1,80,191.0,552.0,4.0,1,568.0,7.0,Jun-24
CMP,0.0,8.0,8,9,1.0,31.0,1,0,8,29.0,118.0,1.0,0,152.0,1.0,Jun-24
KMP,0.0,0.0,4,2,0.0,14.0,0,1,4,12.0,33.0,1.0,0,110.0,0.0,Jun-24
RMP,0.0,4.0,0,0,0.0,23.0,0,3,6,12.0,65.0,1.0,0,143.0,3.0,Jun-24
BMP,0.0,0.0,1,0,0.0,12.0,0,0,7,11.0,68.0,1.0,0,45.0,0.0,Jun-24
SMP,0.0,1.0,3,10,0.0,20.0,1,0,5,6.0,41.0,0.0,0,33.0,17.0,Jun-24
RPMP,0.0,1.0,2,0,0.0,8.0,2,1,0,9.0,51.0,1.0,0,43.0,0.0,Jun-24
GMP,2.0,8.0,6,1,0.0,35.0,2,0,4,8.0,63.0,0.0,0,81.0,1.0,Jun-24
Dhaka Range,16.0,17.0,59,15,0.0,278.0,4,9,39,91.0,1152.0,13.0,2,804.0,3.0,Jun-24
Mymensingh Range,0.0,5.0,21,4,0.0,119.0,2,2,5,31.0,451.0,3.0,0,254.0,51.0,Jun-24
Chittagong Range,8.0,22.0,57,9,0.0,193.0,5,9,45,82.0,1095.0,34.0,1,661.0,20.0,Jun-24
Sylhet Range,1.0,1.0,10,1,0.0,54.0,2,0,5,39.0,341.0,0.0,0,98.0,37.0,Jun-24
Khulna Range,1.0,6.0,15,4,1.0,177.0,1,3,17,49.0,806.0,12.0,0,548.0,9.0,Jun-24
Barishal Range,5.0,1.0,10,8,0.0,172.0,0,3,8,23.0,541.0,0.0,0,165.0,0.0,Jun-24
Rajshahi Range,0.0,8.0,36,3,0.0,221.0,4,3,10,79.0,816.0,27.0,3,835.0,24.0,Jun-24
Rangpur Range,0.0,5.0,20,2,0.0,184.0,4,1,8,57.0,839.0,0.0,0,465.0,5.0,Jun-24
Ralway Range,0.0,0.0,3,1,0.0,1.0,0,0,0,16.0,16.0,0.0,0,12.0,0.0,Jun-24
DMP,3.0,15.0,59,16,46.0,109.0,1,44,32,134.0,510.0,7.0,26,415.0,8.0,Jul-24
CMP,1.0,9.0,10,2,5.0,35.0,2,2,11,27.0,114.0,1.0,2,109.0,0.0,Jul-24
KMP,0.0,2.0,4,1,0.0,14.0,0,1,5,12.0,35.0,1.0,1,119.0,0.0,Jul-24
RMP,1.0,1.0,3,1,1.0,19.0,2,2,3,18.0,41.0,2.0,5,98.0,1.0,Jul-24
BMP,0.0,0.0,2,1,0.0,19.0,0,5,5,8.0,49.0,0.0,2,55.0,0.0,Jul-24
SMP,1.0,0.0,3,6,0.0,16.0,0,8,6,7.0,49.0,0.0,1,36.0,20.0,Jul-24
RPMP,0.0,0.0,2,0,0.0,5.0,2,0,0,8.0,60.0,0.0,0,32.0,0.0,Jul-24
GMP,0.0,4.0,7,0,0.0,33.0,2,9,3,13.0,107.0,1.0,5,71.0,1.0,Jul-24
Dhaka Range,13.0,20.0,61,12,0.0,286.0,6,38,40,81.0,984.0,12.0,8,765.0,3.0,Jul-24
Mymensingh Range,0.0,1.0,21,5,0.0,139.0,1,7,8,51.0,406.0,0.0,6,219.0,26.0,Jul-24
Chittagong Range,3.0,21.0,53,11,0.0,180.0,5,24,45,85.0,930.0,40.0,14,646.0,27.0,Jul-24
Sylhet Range,1.0,3.0,14,4,0.0,62.0,1,8,9,60.0,337.0,0.0,1,114.0,63.0,Jul-24
Khulna Range,1.0,7.0,27,15,0.0,178.0,1,6,16,84.0,679.0,13.0,4,609.0,13.0,Jul-24
Barishal Range,1.0,1.0,14,16,0.0,192.0,2,1,17,30.0,381.0,0.0,0,196.0,0.0,Jul-24
Rajshahi Range,2.0,14.0,24,9,0.0,207.0,3,8,6,83.0,692.0,26.0,28,937.0,44.0,Jul-24
Rangpur Range,0.0,2.0,30,3,0.0,206.0,4,7,13,72.0,741.0,1.0,0,417.0,11.0,Jul-24
Ralway Range,0.0,1.0,0,0,0.0,2.0,0,0,0,12.0,50.0,1.0,0,14.0,0.0,Jul-24
DMP,4.0,4.0,119,10,4.0,51.0,11,2,15,43.0,217.0,2.0,0,79.0,5.0,Aug-24
CMP,0.0,3.0,20,3,5.0,20.0,2,8,9,18.0,124.0,0.0,1,33.0,0.0,Aug-24
KMP,1.0,1.0,1,0,0.0,12.0,1,1,0,3.0,38.0,0.0,0,10.0,0.0,Aug-24
RMP,0.0,3.0,2,0,0.0,17.0,1,3,2,2.0,47.0,1.0,18,15.0,0.0,Aug-24
BMP,0.0,0.0,5,1,0.0,10.0,0,0,6,3.0,43.0,0.0,0,15.0,0.0,Aug-24
SMP,0.0,1.0,4,8,0.0,4.0,1,4,1,4.0,59.0,1.0,0,11.0,12.0,Aug-24
RPMP,0.0,0.0,8,0,0.0,5.0,3,0,0,6.0,32.0,1.0,0,6.0,0.0,Aug-24
GMP,3.0,1.0,17,0,0.0,23.0,0,3,3,4.0,48.0,0.0,0,14.0,0.0,Aug-24
Dhaka Range,15.0,7.0,148,10,0.0,185.0,1,4,32,51.0,819.0,3.0,4,114.0,0.0,Aug-24
Mymensingh Range,0.0,2.0,26,3,0.0,87.0,1,0,3,30.0,359.0,1.0,0,40.0,11.0,Aug-24
Chittagong Range,4.0,17.0,73,5,6.0,81.0,3,5,25,47.0,710.0,25.0,13,197.0,12.0,Aug-24
Sylhet Range,1.0,6.0,29,5,0.0,28.0,1,2,2,16.0,327.0,0.0,0,22.0,26.0,Aug-24
Khulna Range,4.0,5.0,62,4,0.0,90.0,0,6,5,39.0,567.0,4.0,7,86.0,3.0,Aug-24
Barishal Range,3.0,3.0,19,39,0.0,129.0,0,1,14,25.0,405.0,0.0,4,22.0,0.0,Aug-24
Rajshahi Range,0.0,5.0,72,10,0.0,140.0,1,2,6,44.0,662.0,5.0,33,174.0,15.0,Aug-24
Rangpur Range,2.0,4.0,21,1,0.0,190.0,1,0,9,32.0,695.0,1.0,1,125.0,6.0,Aug-24
Ralway Range,0.0,0.0,0,0,0.0,0.0,0,0,0,14.0,8.0,0.0,0,3.0,0.0,Aug-24
DMP,5.0,14.0,28,8,12.0,110.0,22,3,33,75.0,500.0,11.0,0,176.0,11.0,Sep-24
CMP,2.0,6.0,9,6,0.0,36.0,3,4,11,27.0,214.0,1.0,0,59.0,2.0,Sep-24
KMP,0.0,0.0,1,0,0.0,26.0,2,0,5,9.0,58.0,1.0,0,19.0,0.0,Sep-24
RMP,0.0,1.0,5,1,0.0,18.0,1,1,3,7.0,67.0,0.0,11,12.0,0.0,Sep-24
BMP,0.0,1.0,1,0,1.0,16.0,1,0,10,8.0,46.0,0.0,0,15.0,0.0,Sep-24
SMP,0.0,2.0,1,7,0.0,10.0,1,1,7,5.0,78.0,2.0,14,11.0,13.0,Sep-24
RPMP,0.0,0.0,0,0,0.0,7.0,4,0,0,4.0,52.0,1.0,0,7.0,0.0,Sep-24
GMP,3.0,3.0,11,1,0.0,28.0,0,2,8,9.0,70.0,0.0,0,16.0,0.0,Sep-24
Dhaka Range,17.0,22.0,73,21,0.0,253.0,6,6,45,82.0,1095.0,8.0,24,207.0,0.0,Sep-24
Mymensingh Range,2.0,4.0,16,8,0.0,126.0,1,0,8,33.0,443.0,5.0,1,67.0,29.0,Sep-24
Chittagong Range,5.0,21.0,45,12,4.0,168.0,8,4,32,88.0,1060.0,67.0,8,418.0,20.0,Sep-24
Sylhet Range,6.0,4.0,12,12,0.0,64.0,3,1,9,44.0,435.0,2.0,1,76.0,46.0,Sep-24
Khulna Range,2.0,6.0,19,15,1.0,117.0,8,0,17,65.0,740.0,13.0,17,183.0,15.0,Sep-24
Barishal Range,8.0,2.0,12,20,1.0,145.0,3,0,14,28.0,456.0,9.0,8,46.0,0.0,Sep-24
Rajshahi Range,2.0,12.0,29,7,0.0,219.0,1,2,12,59.0,747.0,23.0,44,287.0,14.0,Sep-24
Rangpur Range,3.0,3.0,20,10,0.0,235.0,1,0,19,47.0,825.0,5.0,0,213.0,1.0,Sep-24
Ralway Range,2.0,3.0,1,0,0.0,0.0,0,0,0,15.0,7.0,2.0,0,15.0,0.0,Sep-24
DMP,6.0,20.0,20,23,2.0,125.0,26,6,47,97.0,490.0,15.0,0,358.0,13.0,Oct-24
CMP,1.0,10.0,6,8,0.0,35.0,5,5,10,24.0,176.0,1.0,0,75.0,0.0,Oct-24
KMP,1.0,5.0,1,0,0.0,24.0,4,0,2,14.0,46.0,3.0,0,63.0,1.0,Oct-24
RMP,0.0,4.0,3,0,0.0,7.0,0,0,5,5.0,56.0,0.0,5,65.0,0.0,Oct-24
BMP,1.0,1.0,0,0,1.0,19.0,0,0,5,1.0,56.0,0.0,1,26.0,0.0,Oct-24
SMP,1.0,0.0,2,5,0.0,8.0,1,0,4,8.0,56.0,0.0,11,24.0,20.0,Oct-24
RPMP,0.0,1.0,1,0,0.0,7.0,3,0,0,8.0,48.0,0.0,0,21.0,0.0,Oct-24
GMP,3.0,3.0,7,2,0.0,21.0,4,0,3,8.0,70.0,1.0,2,53.0,0.0,Oct-24
Dhaka Range,21.0,27.0,62,6,0.0,225.0,17,8,49,93.0,1058.0,11.0,4,444.0,1.0,Oct-24
Mymensingh Range,2.0,5.0,17,8,0.0,112.0,6,1,5,53.0,385.0,1.0,0,123.0,60.0,Oct-24
Chittagong Range,14.0,30.0,52,7,2.0,192.0,7,3,52,101.0,1060.0,43.0,26,606.0,30.0,Oct-24
Sylhet Range,5.0,4.0,18,8,0.0,74.0,2,5,5,49.0,340.0,1.0,2,145.0,74.0,Oct-24
Khulna Range,1.0,14.0,23,7,0.0,157.0,8,3,22,76.0,663.0,21.0,4,312.0,5.0,Oct-24
Barishal Range,4.0,2.0,5,14,0.0,165.0,4,2,15,25.0,444.0,8.0,10,111.0,0.0,Oct-24
Rajshahi Range,5.0,19.0,17,2,0.0,212.0,3,1,7,68.0,634.0,13.0,21,457.0,27.0,Oct-24
Rangpur Range,3.0,7.0,14,3,0.0,177.0,6,0,17,75.0,725.0,2.0,0,367.0,6.0,Oct-24
Ralway Range,0.0,5.0,1,0,0.0,0.0,0,0,0,17.0,11.0,0.0,0,22.0,0.0,Oct-24
DMP,2.0,27.0,13,15,10.0,115.0,17,6,39,125.0,516.0,6.0,0,421.0,12.0,Nov-24
CMP,2.0,10.0,2,7,0.0,25.0,5,12,16,36.0,138.0,8.0,1,112.0,2.0,Nov-24
KMP,1.0,2.0,4,1,0.0,23.0,0,1,5,13.0,36.0,5.0,0,61.0,1.0,Nov-24
RMP,0.0,2.0,0,1,0.0,22.0,2,0,4,8.0,52.0,0.0,3,64.0,0.0,Nov-24
BMP,0.0,0.0,0,0,0.0,14.0,2,0,4,7.0,53.0,1.0,1,36.0,0.0,Nov-24
SMP,1.0,1.0,1,8,0.0,4.0,2,2,6,13.0,62.0,0.0,9,21.0,20.0,Nov-24
RPMP,0.0,1.0,0,0,0.0,7.0,2,0,0,8.0,43.0,0.0,0,17.0,1.0,Nov-24
GMP,0.0,3.0,3,0,0.0,21.0,6,1,2,15.0,66.0,3.0,0,85.0,1.0,Nov-24
Dhaka Range,16.0,23.0,56,8,0.0,217.0,9,4,44,86.0,1098.0,20.0,6,641.0,4.0,Nov-24
Mymensingh Range,1.0,3.0,11,6,0.0,115.0,5,1,6,37.0,387.0,7.0,2,163.0,39.0,Nov-24
Chittagong Range,9.0,27.0,32,15,0.0,174.0,5,9,37,90.0,1074.0,40.0,10,718.0,31.0,Nov-24
Sylhet Range,2.0,6.0,16,4,0.0,75.0,0,4,7,42.0,422.0,3.0,0,123.0,46.0,Nov-24
Khulna Range,3.0,10.0,22,8,0.0,134.0,3,5,17,77.0,634.0,31.0,2,416.0,16.0,Nov-24
Barishal Range,4.0,6.0,8,14,1.0,152.0,2,2,29,31.0,424.0,11.0,2,135.0,0.0,Nov-24
Rajshahi Range,5.0,4.0,27,1,0.0,179.0,2,1,7,68.0,721.0,21.0,18,521.0,12.0,Nov-24
Rangpur Range,1.0,4.0,16,3,0.0,175.0,5,1,8,54.0,694.0,3.0,2,405.0,5.0,Nov-24
Ralway Range,0.0,4.0,0,0,0.0,0.0,0,0,0,6.0,12.0,0.0,0,39.0,4.0,Nov-24
DMP,9.0,39.0,24,19,9.0,131.0,17,8,60,131.0,584.0,9.0,9,529.0,7.0,Dec-24
CMP,2.0,6.0,4,8,0.0,25.0,3,1,11,26.0,124.0,3.0,0,121.0,4.0,Dec-24
KMP,0.0,3.0,2,0,0.0,10.0,2,1,4,8.0,38.0,4.0,0,70.0,1.0,Dec-24
RMP,0.0,3.0,1,0,0.0,12.0,2,1,4,6.0,55.0,1.0,2,90.0,0.0,Dec-24
BMP,1.0,1.0,1,0,0.0,11.0,2,0,3,8.0,58.0,0.0,0,33.0,0.0,Dec-24
SMP,1.0,3.0,2,7,0.0,11.0,2,2,2,7.0,63.0,0.0,2,32.0,15.0,Dec-24
RPMP,1.0,2.0,0,0,0.0,3.0,2,0,0,10.0,36.0,0.0,0,24.0,0.0,Dec-24
GMP,1.0,2.0,3,0,0.0,20.0,1,1,2,8.0,81.0,1.0,0,74.0,1.0,Dec-24
Dhaka Range,23.0,22.0,45,9,0.0,187.0,8,9,42,93.0,967.0,17.0,6,636.0,4.0,Dec-24
Mymensingh Range,1.0,6.0,16,13,0.0,81.0,4,0,9,33.0,418.0,5.0,1,192.0,54.0,Dec-24
Chittagong Range,16.0,26.0,32,10,0.0,159.0,13,9,39,102.0,1030.0,25.0,2,685.0,22.0,Dec-24
Sylhet Range,4.0,5.0,16-,4,0.0,56.0,3,2,7,38.0,400.0,2.0,0,98.0,39.0,Dec-24
Khulna Range,4.0,14.0,19,4,0.0,125.0,2,5,13,78.0,599.0,16.0,2,430.0,14.0,Dec-24
Barishal Range,3.0,5.0,4,13,0.0,96.0,2,1,21,36.0,431.0,5.0,1,124.0,0.0,Dec-24
Rajshahi Range,4.0,11.0,23,3,0.0,132.0,4,3,5,74.0,693.0,13.0,12,520.0,11.0,Dec-24
Rangpur Range,1.0,7.0,12,0,0.0,146.0,7,1,15,59.0,750.0,4.0,1,453.0,9.0,Dec-24
Ralway Range,0.0,4.0,0,0,0.0,0.0,0,0,0,12.0,12.0,0.0,0,26.0,0.0,Dec-24
DMP,8.0,54.0,36,24,9.0,7.0,127,31,10,60.0,146.0,679.0,12,5.0,583.0,Jan-25
CMP,2.0,7.0,3,7,0.0,0.0,26,5,4,12.0,28.0,120.0,3,0.0,152.0,Jan-25
KMP,2.0,1.0,2,3,0.0,0.0,19,2,0,0.0,14.0,47.0,4,0.0,83.0,Jan-25
RMP,1.0,0.0,2,0,0.0,0.0,12,1,1,4.0,5.0,51.0,1,1.0,87.0,Jan-25
BMP,0.0,0.0,3,0,0.0,1.0,14,0,1,10.0,8.0,49.0,0,1.0,45.0,Jan-25
SMP,0.0,1.0,0,5,0.0,0.0,7,0,0,7.0,20.0,60.0,0,3.0,25.0,Jan-25
RPMP,0.0,2.0,1,0,0.0,0.0,4,5,0,0.0,7.0,32.0,1,2.0,20.0,Jan-25
GMP,2.0,9.0,5,2,0.0,0.0,25,2,1,7.0,10.0,116.0,6,0.0,72.0,Jan-25
Dhaka Range,24.0,31.0,76,4,0.0,0.0,229,16,5,44.0,106.0,1092.0,15,8.0,725.0,Jan-25
Mymensingh Range,4.0,2.0,13,11,0.0,0.0,85,5,2,7.0,46.0,427.0,3,0.0,234.0,Jan-25
Chittagong Range,8.0,27.0,51,11,0.0,0.0,191,16,5,50.0,92.0,970.0,45,4.0,703.0,Jan-25
Sylhet Range,5.0,6.0,21,2,0.0,0.0,56,3,3,5.0,39.0,392.0,1,0.0,151.0,Jan-25
Khulna Range,4.0,10.0,28,5,0.0,0.0,153,3,0,17.0,79.0,637.0,15,1.0,390.0,Jan-25
Barishal Range,4.0,2.0,12,12,0.0,0.0,98,3,3,15.0,40.0,515.0,3,2.0,138.0,Jan-25
Rajshahi Range,4.0,12.0,22,5,0.0,0.0,200,9,1,10.0,73.0,670.0,16,8.0,532.0,Jan-25
Rangpur Range,3.0,6.0,19,0,0.0,0.0,194,4,2,14.0,67.0,730.0,4,0.0,423.0,Jan-25
Ralway Range,0.0,1.0,0,0,0.0,0.0,0,0,0,0.0,17.0,16.0,0,0.0,23.0,Jan-25
DMP,6.0,46.0,38,18,9.0,142.0,18,7,36,117.0,638.0,8.0,1,474.0,8.0,Feb-25
CMP,1.0,10.0,3,5,0.0,23.0,5,4,11,22.0,114.0,4.0,0,101.0,1.0,Feb-25
KMP,0.0,1.0,1,0,0.0,7.0,3,0,2,14.0,45.0,1.0,0,74.0,0.0,Feb-25
RMP,1.0,5.0,4,0,1.0,6.0,2,0,2,7.0,53.0,2.0,2,91.0,0.0,Feb-25
BMP,1.0,0.0,2,0,0.0,17.0,0,0,4,5.0,47.0,0.0,0,24.0,0.0,Feb-25
SMP,0.0,3.0,3,1,0.0,5.0,0,0,2,6.0,58.0,1.0,4,37.0,25.0,Feb-25
RPMP,0.0,2.0,0,0,0.0,10.0,0,0,0,8.0,26.0,1.0,0,17.0,0.0,Feb-25
GMP,1.0,1.0,8,0,0.0,20.0,6,0,2,12.0,93.0,2.0,5,59.0,0.0,Feb-25
Dhaka Range,25.0,25.0,66,8,0.0,229.0,10,7,37,111.0,1051.0,13.0,0,563.0,1.0,Feb-25
Mymensingh Range,1.0,4.0,19,10,0.0,94.0,3,1,6,35.0,372.0,2.0,0,207.0,38.0,Feb-25
Chittagong Range,13.0,14.0,50,11,0.0,171.0,10,5,43,75.0,896.0,32.0,4,601.0,25.0,Feb-25
Sylhet Range,2.0,6.0,13,3,0.0,79.0,1,5,4,50.0,385.0,1.0,0,103.0,23.0,Feb-25
Khulna Range,2.0,11.0,22,2,0.0,140.0,2,1,18,60.0,591.0,12.0,7,315.0,8.0,Feb-25
Barishal Range,6.0,4.0,16,18,0.0,120.0,5,2,14,25.0,435.0,0.0,0,125.0,0.0,Feb-25
Rajshahi Range,11.0,11.0,30,5,0.0,196.0,5,4,8,47.0,602.0,15.0,12,418.0,6.0,Feb-25
Rangpur Range,4.0,6.0,23,2,0.0,171.0,8,1,4,69.0,644.0,7.0,2,408.0,8.0,Feb-25
Ralway Range,0.0,4.0,2,0,0.0,0.0,0,0,0,10.0,8.0,0.0,0,15.0,0.0,Feb-25
DMP,3.0,38.0,33,12,15.0,162.0,19,23,43,137.0,699.0,20.0,2,538.0,10.0,Mar-25
CMP,1.0,4.0,7,8,0.0,46.0,8,4,8,17.0,185.0,6.0,1,140.0,2.0,Mar-25
KMP,0.0,5.0,1,3,0.0,14.0,1,3,5,20.0,53.0,4.0,0,61.0,0.0,Mar-25
RMP,0.0,1.0,3,1,1.0,19.0,3,2,3,4.0,45.0,1.0,4,48.0,0.0,Mar-25
BMP,0.0,0.0,4,1,0.0,24.0,0,3,3,3.0,43.0,1.0,0,28.0,0.0,Mar-25
SMP,0.0,3.0,0,7,0.0,14.0,2,3,1,6.0,73.0,1.0,1,29.0,25.0,Mar-25
RPMP,0.0,1.0,0,1,0.0,10.0,1,0,0,6.0,27.0,2.0,0,21.0,0.0,Mar-25
GMP,1.0,5.0,5,2,0.0,41.0,0,1,4,13.0,94.0,2.0,1,74.0,1.0,Mar-25
Dhaka Range,21.0,42.0,66,4,0.0,375.0,10,22,43,144.0,1325.0,17.0,1,620.0,1.0,Mar-25
Mymensingh Range,2.0,7.0,22,5,0.0,132.0,2,2,9,39.0,498.0,0.0,1,223.0,67.0,Mar-25
Chittagong Range,13.0,25.0,65,16,0.0,249.0,20,11,39,128.0,1185.0,49.0,4,724.0,28.0,Mar-25
Sylhet Range,3.0,5.0,13,1,0.0,97.0,0,13,5,50.0,541.0,3.0,0,142.0,28.0,Mar-25
Khulna Range,2.0,11.0,36,12,0.0,218.0,2,2,16,81.0,772.0,15.0,2,366.0,16.0,Mar-25
Barishal Range,5.0,1.0,14,12,0.0,164.0,2,2,13,44.0,564.0,3.0,0,150.0,0.0,Mar-25
Rajshahi Range,7.0,10.0,21,4,0.0,271.0,5,4,8,79.0,930.0,6.0,11,485.0,12.0,Mar-25
Rangpur Range,2.0,10.0,26,0,0.0,218.0,7,1,6,80.0,795.0,1.0,1,395.0,4.0,Mar-25
Ralway Range,0.0,3.0,0,1,0.0,0.0,1,0,0,15.0,20.0,0.0,0,31.0,4.0,Mar-25
DMP,7.0,37.0,29,12,1.0,191.0,19,7,48,118.0,540.0,5.0,6,503.0,24.0,Apr-25
CMP,0.0,3.0,11,8,0.0,51.0,3,3,16,27.0,148.0,5.0,0,120.0,5.0,Apr-25
KMP,0.0,0.0,2,2,0.0,15.0,1,1,7,16.0,52.0,5.0,0,54.0,0.0,Apr-25
RMP,0.0,2.0,2,1,0.0,21.0,0,1,4,13.0,58.0,0.0,0,72.0,0.0,Apr-25
BMP,0.0,1.0,3,1,0.0,27.0,0,1,2,4.0,62.0,1.0,0,37.0,0.0,Apr-25
SMP,0.0,0.0,3,0,0.0,11.0,0,1,6,8.0,56.0,0.0,3,35.0,14.0,Apr-25
RPMP,0.0,0.0,0,0,0.0,16.0,0,0,0,6.0,33.0,0.0,0,14.0,0.0,Apr-25
GMP,4.0,9.0,8,0,0.0,33.0,2,1,4,9.0,99.0,2.0,1,64.0,1.0,Apr-25
Dhaka Range,11.0,28.0,74,6,0.0,345.0,19,12,52,96.0,1388.0,18.0,7,674.0,0.0,Apr-25
Mymensingh Range,0.0,7.0,21,6,0.0,120.0,2,1,4,37.0,512.0,4.0,0,293.0,42.0,Apr-25
Chittagong Range,8.0,19.0,66,15,2.0,278.0,15,7,39,98.0,1298.0,48.0,2,704.0,27.0,Apr-25
Sylhet Range,3.0,6.0,20,0,0.0,97.0,1,3,3,38.0,420.0,5.0,1,165.0,18.0,Apr-25
Khulna Range,0.0,16.0,32,14,0.0,207.0,6,2,11,64.0,851.0,22.0,5,438.0,8.0,Apr-25
Barishal Range,6.0,2.0,15,11,0.0,197.0,3,2,14,28.0,579.0,3.0,0,154.0,0.0,Apr-25
Rajshahi Range,7.0,11.0,35,11,0.0,265.0,10,9,5,84.0,919.0,20.0,10,606.0,3.0,Apr-25
Rangpur Range,0.0,4.0,13,1,0.0,213.0,7,1,4,60.0,837.0,1.0,0,432.0,10.0,Apr-25
Ralway Range,0.0,4.0,2,0,0.0,2.0,0,0,0,9.0,10.0,1.0,0,27.0,2.0,Apr-25
DMP,5.0,40.0,32,12,6.0,183.0,25,9,50,128.0,630.0,44.0,2,546.0,21.0,May-25
CMP,0.0,8.0,6,14,0.0,47.0,0,4,8,30.0,150.0,5.0,0,130.0,6.0,May-25
KMP,1.0,5.0,5,2,0.0,15.0,0,1,5,5.0,43.0,1.0,0,92.0,0.0,May-25
RMP,1.0,5.0,0,0,0.0,12.0,2,0,3,13.0,72.0,1.0,2,90.0,2.0,May-25
BMP,1.0,0.0,4,1,1.0,27.0,1,1,5,11.0,51.0,0.0,0,37.0,0.0,May-25
SMP,0.0,1.0,1,2,0.0,12.0,0,1,3,14.0,51.0,3.0,3,34.0,9.0,May-25
RPMP,1.0,1.0,0,0,0.0,12.0,0,0,0,7.0,44.0,0.0,0,20.0,0.0,May-25
GMP,2.0,9.0,7,0,0.0,33.0,5,0,2,14.0,121.0,5.0,2,70.0,0.0,May-25
Dhaka Range,24.0,39.0,94,9,0.0,375.0,15,16,45,121.0,1197.0,48.0,6,753.0,2.0,May-25
Mymensingh Range,2.0,3.0,17,3,0.0,123.0,1,2,5,47.0,428.0,1.0,0,257.0,45.0,May-25
Chittagong Range,12.0,20.0,55,8,1.0,242.0,9,11,53,85.0,1218.0,51.0,2,766.0,41.0,May-25
Sylhet Range,1.0,5.0,21,5,0.0,99.0,3,2,7,56.0,430.0,2.0,0,152.0,22.0,May-25
Khulna Range,6.0,8.0,36,8,0.0,192.0,0,8,13,78.0,709.0,22.0,5,402.0,9.0,May-25
Barishal Range,6.0,5.0,12,12,0.0,181.0,5,3,16,27.0,550.0,4.0,0,159.0,0.0,May-25
Rajshahi Range,3.0,11.0,29,4,0.0,298.0,10,2,7,70.0,805.0,9.0,11,519.0,12.0,May-25
Rangpur Range,2.0,4.0,20,0,0.0,236.0,6,2,7,46.0,780.0,2.0,0,377.0,11.0,May-25
Ralway Range,0.0,13.0,1,0,0.0,0.0,0,0,0,13.0,12.0,0.0,0,39.0,2.0,May-25
